run_name,method,steps,seed,stage,method_label,episode,reward,collision,success,avg_speed,episode_length,lane_change_count,ttc_min,thw_min,drac_max,risk_exposure,risk_exposure_v1,risk_exposure_v2,risk_score_max,risk_score_v1_max,risk_score_v2_max,same_lane_front_risk,target_rear_risk,target_front_risk,near_miss_count,target_gap_size,target_rear_distance,target_rear_relative_speed,p_yield,p_block,collision_flag
official_sb3_ppo_highway_fast_steps100000_seed2,official_sb3_ppo_highway_fast,100000,2,formal,official_sb3_ppo_highway_fast (100k),0,23.220221169036332,0,1,21.525276461295412,30,0,1.5625812799788785,0.27664928810062483,2.772781704626904,13.817575837097344,59.32349902748675,13.817575837097344,2.5745431363058966,4.132257432552288,2.5745431363058966,0.11909777921650426,0.0,0.0,2,160.0,1000000.0,-21.525276461295412,0.8481288363433409,0.1518711636566593,0
official_sb3_ppo_highway_fast_steps100000_seed2,official_sb3_ppo_highway_fast,100000,2,formal,official_sb3_ppo_highway_fast (100k),1,22.22022116903634,1,0,21.68794116685733,29,0,3.2227932883956414,0.2528512125804354,1.696527467526306,10.912305305914138,47.48985747686391,10.912305305914138,1.2069538935125337,3.404540860340711,1.2069538935125337,0.07617223549482252,0.0,0.0,0,160.0,1000000.0,-21.68794116685733,0.8481288363433409,0.15187116365665934,1
official_sb3_ppo_highway_fast_steps100000_seed2,official_sb3_ppo_highway_fast,100000,2,formal,official_sb3_ppo_highway_fast (100k),2,22.935651618407174,0,1,21.16956452300897,30,0,2.9508709220499543,0.5569708092432661,1.0756602977628134,4.150350491755812,25.73073348459927,4.150350491755812,0.9556791394881241,2.3245126913072247,0.9556791394881241,0.01604734548322045,0.0,0.0,0,160.0,1000000.0,-21.16956452300897,0.8481288363433409,0.15187116365665934,0
official_sb3_ppo_highway_fast_steps100000_seed2,official_sb3_ppo_highway_fast,100000,2,formal,official_sb3_ppo_highway_fast (100k),3,2.1973833082431526,1,0,28.300624686372743,3,0,1.2896518768479117,0.19495443934542764,3.0258315365613737,6.323066452727671,13.473872539950317,6.323066452727671,2.9749034207520113,5.871736337616562,2.9749034207520113,0.5234484462191024,0.0,0.0,2,160.00000000000003,1000000.0,-28.300624686372743,0.8481288363433407,0.1518711636566593,1
official_sb3_ppo_highway_fast_steps100000_seed2,official_sb3_ppo_highway_fast,100000,2,formal,official_sb3_ppo_highway_fast (100k),4,15.397110481682436,1,0,20.696445686967643,21,0,1.065877772269484,0.20933396674744845,3.1721126024377644,8.925245710659953,33.4819564240499,8.925245710659953,3.020839882453406,6.263676688833691,3.020839882453406,0.09471544146721696,0.0,0.0,2,160.0,1000000.0,-20.696445686967643,0.8481288363433408,0.1518711636566593,1
official_sb3_ppo_highway_fast_steps100000_seed2,official_sb3_ppo_highway_fast,100000,2,formal,official_sb3_ppo_highway_fast (100k),5,11.753554502369045,1,0,21.359893364928972,16,0,3.6790863547211914,0.30287054578863515,1.8406348030915325,6.952073689705434,26.6183198002276,6.952073689705434,1.3030254505560181,3.050426040184151,1.3030254505560181,0.08127097618405014,0.0,0.0,0,160.0,1000000.0,-21.359893364928972,0.8481288363433406,0.15187116365665934,1
official_sb3_ppo_highway_fast_steps100000_seed2,official_sb3_ppo_highway_fast,100000,2,formal,official_sb3_ppo_highway_fast (100k),6,23.353554502369676,0,1,21.691943127962084,30,0,3.740060172696438,1.0264208832782897,1.1783457686689607,4.985661351894091,25.837176788218258,4.985661351894091,0.8614994276076369,1.7832224592558157,0.8614994276076369,0.011281641237684159,0.0,0.0,0,160.0,1000000.0,-21.691943127962084,0.8481288363433409,0.15187116365665934,0
official_sb3_ppo_highway_fast_steps100000_seed2,official_sb3_ppo_highway_fast,100000,2,formal,official_sb3_ppo_highway_fast (100k),7,1.8169355743565798,1,0,23.55281207133059,3,0,0.6598424035230368,0.22663944428269076,5.376782910930372,9.56717821831596,15.509057056909779,9.56717821831596,4.827859530110389,8.358604415247207,4.827859530110389,0.6551871976954095,0.0,0.0014473948896805372,2,182.65820254289952,1000000.0,-23.55281207133059,0.8742880956354999,0.12571190436450005,1
official_sb3_ppo_highway_fast_steps100000_seed2,official_sb3_ppo_highway_fast,100000,2,formal,official_sb3_ppo_highway_fast (100k),8,23.220221166971474,0,1,21.52527645871435,30,0,2.30953296998936,0.530927259954246,1.8697172379232327,8.229070993017904,37.29833612019331,8.229070993017904,1.7087665427685472,2.845071297356966,1.7087665427685472,0.052038085327523825,0.0,0.0025410702589573593,0,161.21615389842938,1000000.0,-21.52527645871435,0.8497377698543362,0.15026223014566398,0
official_sb3_ppo_highway_fast_steps100000_seed2,official_sb3_ppo_highway_fast,100000,2,formal,official_sb3_ppo_highway_fast (100k),9,23.452266072573924,0,1,21.858609794628748,30,1,2.8793828369648122,0.7005444666256265,1.6049496459039836,7.659006029101686,35.17329110287293,7.659006029101686,1.226253641388299,2.280625705150294,1.226253641388299,0.04566534505705762,0.0,0.0,0,159.46417618689077,1000000.0,-21.858609794628748,0.8472439456551881,0.15275605434481218,0
official_sb3_ppo_highway_fast_steps100000_seed2,official_sb3_ppo_highway_fast,100000,2,formal,official_sb3_ppo_highway_fast (100k),10,23.88626555312407,0,1,22.35860979462875,30,0,2.6670921912455947,0.6859726341378056,1.7412138039705791,8.895537560129323,35.51841515363214,8.895537560129323,1.4201071415373763,2.4591322231499304,1.4201071415373763,0.05273270594224534,0.0,0.0,0,160.0,1000000.0,-22.35860979462875,0.8481288363433409,0.15187116365665934,0
official_sb3_ppo_highway_fast_steps100000_seed2,official_sb3_ppo_highway_fast,100000,2,formal,official_sb3_ppo_highway_fast (100k),11,22.553554502369668,0,1,20.691943127962084,30,0,4.424535220950047,0.7819620532056755,0.7516104460201806,4.576299592827967,31.563626609042274,4.576299592827967,0.57700921250845,1.631704603112869,0.57700921250845,0.019944153957242104,0.0,0.0,0,160.0,1000000.0,-20.691943127962084,0.8481288363433409,0.15187116365665934,0
official_sb3_ppo_highway_fast_steps100000_seed2,official_sb3_ppo_highway_fast,100000,2,formal,official_sb3_ppo_highway_fast (100k),12,21.58688782181985,0,1,21.35860979462875,30,1,2.2086984281364925,0.35068616970879973,1.254078010088951,11.196879203737481,48.1159849548164,11.196879203737481,1.5610893940329507,2.9758600064065215,1.5610893940329507,0.07779689192887164,0.0,0.012354324862297188,0,115.23793070032985,1000000.0,-21.35860979462875,0.7640993517657453,0.23590064823425483,0
official_sb3_ppo_highway_fast_steps100000_seed2,official_sb3_ppo_highway_fast,100000,2,formal,official_sb3_ppo_highway_fast (100k),13,22.686887835703008,0,1,20.85860979462875,30,0,3.3721622143678136,0.37964234220797827,1.4411082422661028,7.758972142076228,44.72920409482873,7.758972142076228,1.0366744100057315,2.2989658101729264,1.0366744100057315,0.06720074960099022,0.0,0.0,0,160.0,1000000.0,-20.85860979462875,0.8481288363433409,0.15187116365665934,0
official_sb3_ppo_highway_fast_steps100000_seed2,official_sb3_ppo_highway_fast,100000,2,formal,official_sb3_ppo_highway_fast (100k),14,23.582168874399503,0,1,21.97849045870999,30,0,2.5305978188870952,0.5911563553832674,1.3006097639330356,6.6398350889001545,26.488538141805726,6.6398350889001545,1.2485946412605453,2.463338183470858,1.2485946412605453,0.024272977306331038,0.0,0.0,0,160.5291077621093,1000000.0,-21.97849045870999,0.8488936394102878,0.15110636058971255,0
official_sb3_ppo_highway_fast_steps100000_seed2,official_sb3_ppo_highway_fast,100000,2,formal,official_sb3_ppo_highway_fast (100k),15,22.953554502369606,0,1,21.191943127962013,30,0,2.267104746839385,0.4619249314460968,1.7028104877662718,6.570501197363286,37.19956632421338,6.570501197363286,1.6405386148061363,2.8907666777333048,1.6405386148061363,0.044742956014461745,0.0,0.0,0,160.0,1000000.0,-21.191943127962013,0.8481288363433409,0.1518711636566593,0
official_sb3_ppo_highway_fast_steps100000_seed2,official_sb3_ppo_highway_fast,100000,2,formal,official_sb3_ppo_highway_fast (100k),16,22.420221169036346,0,1,20.525276461295423,30,0,4.856899461684139,0.3265448310354429,0.674219239627568,8.60785728804277,54.85346146842601,8.60785728804277,0.525415074913375,2.640828901110939,0.525415074913375,0.08662438599592323,0.0,0.0,0,160.0,1000000.0,-20.525276461295423,0.8481288363433409,0.15187116365665934,0
official_sb3_ppo_highway_fast_steps100000_seed2,official_sb3_ppo_highway_fast,100000,2,formal,official_sb3_ppo_highway_fast (100k),17,24.952880866721987,0,1,23.691878936626157,30,0,3.0641127772452865,0.7280654255436627,1.309685680728094,7.572586321684381,27.08572518556518,7.572586321684381,1.0128044985377076,2.1585148131593574,1.0128044985377076,0.02591998176990641,0.0,0.0,0,160.0,1000000.0,-23.691878936626157,0.8481288363433409,0.15187116365665934,0
official_sb3_ppo_highway_fast_steps100000_seed2,official_sb3_ppo_highway_fast,100000,2,formal,official_sb3_ppo_highway_fast (100k),18,24.153554502369673,0,1,22.691943127962084,30,0,2.7677952108589117,0.7147509919696984,1.6518353216949495,8.448428547477729,35.43882536941589,8.448428547477729,1.3182997343268892,2.3810646264346613,1.3182997343268892,0.04164524232752099,0.0,0.0,0,160.0,1000000.0,-22.691943127962084,0.8481288363433409,0.15187116365665934,0
official_sb3_ppo_highway_fast_steps100000_seed2,official_sb3_ppo_highway_fast,100000,2,formal,official_sb3_ppo_highway_fast (100k),19,23.020221063581022,0,1,23.69194312567614,30,1,0.16873763937213995,0.04120385524757921,18.08939023295031,32.357591368730226,81.40597444046641,32.357591368730226,7.198897732246279,20.11059430199712,7.198897732246279,0.044618859059728254,2.032242897634452e-05,0.18995011450642615,4,72.82985751960294,300026.7667115497,-10.29895254918893,0.659540653450808,0.340459346549192,0
official_sb3_ppo_highway_fast_steps100000_seed2,official_sb3_ppo_highway_fast,100000,2,formal,official_sb3_ppo_highway_fast (100k),20,24.15355450236966,0,1,22.69194312796207,30,0,2.1461374600353693,0.4360731863240963,1.8522103703970774,10.199467934047862,39.870253225464054,10.199467934047862,1.7905347439378385,3.0473944803516364,1.7905347439378385,0.060324320764781184,0.0,0.0,0,160.0,1000000.0,-22.69194312796207,0.8481288363433409,0.15187116365665934,0
official_sb3_ppo_highway_fast_steps100000_seed2,official_sb3_ppo_highway_fast,100000,2,formal,official_sb3_ppo_highway_fast (100k),21,23.585594125585143,0,1,22.858603194269545,30,2,0.8509857519729287,0.1893543364934908,3.268441310729025,17.384385121776415,53.80282103777111,17.384385121776415,3.1649976954483447,7.533027036532245,3.1649976954483447,0.0669318387513011,0.0,0.0625427780495701,2,134.94853216873202,900000.6147105406,-20.89269974235906,0.7970086217762926,0.20299137822370775,0
official_sb3_ppo_highway_fast_steps100000_seed2,official_sb3_ppo_highway_fast,100000,2,formal,official_sb3_ppo_highway_fast (100k),22,12.152932219754856,1,0,22.097393364949966,16,0,2.909248840467894,0.2981218072250219,2.1228135945735214,8.75692273319006,26.42363312561001,8.75692273319006,1.4911446448773438,3.3332245705221855,1.4911446448773438,0.08924684374305916,0.0,0.0,0,160.0,1000000.0,-22.097393364949966,0.8481288363433406,0.1518711636566593,1
official_sb3_ppo_highway_fast_steps100000_seed2,official_sb3_ppo_highway_fast,100000,2,formal,official_sb3_ppo_highway_fast (100k),23,24.819598886457403,0,1,23.525276461295416,30,0,3.69389053208822,0.4443154860807337,1.5154911744470827,10.47889133121595,37.272466386322144,10.47889133121595,1.0862630314597181,2.0128741574416305,1.0862630314597181,0.058754150285081054,0.0,0.0,0,160.0,1000000.0,-23.525276461295416,0.8481288363433409,0.15187116365665934,0
official_sb3_ppo_highway_fast_steps100000_seed2,official_sb3_ppo_highway_fast,100000,2,formal,official_sb3_ppo_highway_fast (100k),24,10.153502243049074,1,0,25.499939547676032,12,0,1.767706837906912,0.302236687727524,3.1985973880093828,13.332986148695381,24.71499187245627,13.332986148695381,2.467835988303573,3.8955312370328627,2.467835988303573,0.19644964339892204,0.0,0.0,1,160.0,1000000.0,-25.499939547676032,0.8481288363433405,0.1518711636566593,1
official_sb3_ppo_highway_fast_steps100000_seed2,official_sb3_ppo_highway_fast,100000,2,formal,official_sb3_ppo_highway_fast (100k),25,7.353553701568343,1,0,21.68711830522702,11,0,2.649631111893502,0.2997150856679371,1.178647327834351,6.178056734662372,22.194089889420564,6.178056734662372,1.196630143249254,3.2740826876798854,1.196630143249254,0.10617513967522325,0.0,0.0003461880471379537,0,102.71245354505685,363639.04321654205,-8.797108798475232,0.6912584543143263,0.30874154568567375,1
official_sb3_ppo_highway_fast_steps100000_seed2,official_sb3_ppo_highway_fast,100000,2,formal,official_sb3_ppo_highway_fast (100k),26,23.48330383433709,0,1,21.854908198779295,30,0,2.8342682382175957,0.7352050090104263,1.1440277799189889,5.513366965269887,24.874767720780913,5.513366965269887,1.062522471335896,2.2065365653945497,1.062522471335896,0.015325596015510824,0.0,0.0014497267249877865,0,160.36220786136514,1000000.0,-21.854908198779295,0.8486636569286024,0.15133634307139796,0
official_sb3_ppo_highway_fast_steps100000_seed2,official_sb3_ppo_highway_fast,100000,2,formal,official_sb3_ppo_highway_fast (100k),27,24.420221169036342,0,1,23.025276461295416,30,0,3.708968994296212,1.1768461239453527,1.3821402968751049,6.822514747213261,25.69801338927103,6.822514747213261,0.997362446411733,1.8282635296436553,0.997362446411733,0.018935197051514033,0.0,0.0,0,160.0,1000000.0,-23.025276461295416,0.8481288363433409,0.15187116365665934,0
official_sb3_ppo_highway_fast_steps100000_seed2,official_sb3_ppo_highway_fast,100000,2,formal,official_sb3_ppo_highway_fast (100k),28,12.252266072301468,1,0,22.409893365088795,16,1,2.5484271052584706,0.27237118576135744,2.7472636943590123,10.399365032502846,31.51595872726214,10.399365032502846,2.0730214394728987,3.2120726853599924,2.0730214394728987,0.12461749248705165,0.0,0.0,0,160.3813795041133,1000000.0,-22.409893365088795,0.8487034215370197,0.15129657846298036,1
official_sb3_ppo_highway_fast_steps100000_seed2,official_sb3_ppo_highway_fast,100000,2,formal,official_sb3_ppo_highway_fast (100k),29,2.5502689076899134,1,0,19.75755829903978,4,0,1.2409228496134184,0.253931926140567,3.527599550560833,6.140853197047523,13.036417565634137,6.140853197047523,3.298835936307581,4.850501255422459,3.298835936307581,0.3668736020888978,0.0,0.0038381387417806057,2,173.7572716478423,1000000.0,-19.75755829903978,0.8649257505033645,0.13507424949663546,1
official_sb3_ppo_highway_fast_steps100000_seed2,official_sb3_ppo_highway_fast,100000,2,formal,official_sb3_ppo_highway_fast (100k),30,23.220221169036346,0,1,21.525276461295416,30,0,4.188419691889695,1.2507549048288265,1.1139993062541604,4.627233162271172,23.999494356150745,4.627233162271172,0.8186017859977699,1.612096900208091,0.8186017859977699,0.009788190447588664,0.0,0.0,0,160.0,1000000.0,-21.525276461295416,0.8481288363433409,0.15187116365665934,0
official_sb3_ppo_highway_fast_steps100000_seed2,official_sb3_ppo_highway_fast,100000,2,formal,official_sb3_ppo_highway_fast (100k),31,25.88688783569836,0,1,24.858609794622947,30,0,1.836364559405905,0.33806080164607205,2.3109866738930207,13.16874710120427,43.31166846235066,13.16874710120427,2.230160379382549,3.6147315539708216,2.230160379382549,0.08760361691840976,0.0,0.0,2,160.0,1000000.0,-24.858609794622947,0.8481288363433409,0.15187116365665934,0
official_sb3_ppo_highway_fast_steps100000_seed2,official_sb3_ppo_highway_fast,100000,2,formal,official_sb3_ppo_highway_fast (100k),32,12.518932737171088,1,0,22.87489336735627,16,1,2.678354298958317,0.26690130646819027,3.0333095873820715,11.92178253677391,30.478081230970492,11.92178253677391,2.2160787304649943,3.404928362332265,2.2160787304649943,0.12353753787770605,0.0,0.0006779185394047731,0,160.62701785384655,1000000.0,-22.87489336735627,0.8490009581972648,0.15099904180273505,1
official_sb3_ppo_highway_fast_steps100000_seed2,official_sb3_ppo_highway_fast,100000,2,formal,official_sb3_ppo_highway_fast (100k),33,20.918932268692338,1,0,21.19851049424631,28,1,2.682571240244676,0.26222798915764417,1.566765483480475,9.639222370095757,49.57315663786814,9.639222370095757,1.1697655582967348,3.2574868315909864,1.1697655582967348,0.0874977585876352,0.0,0.0,0,161.38718859561303,1000000.0,-21.19851049424631,0.849945445857107,0.1500545541428932,1
official_sb3_ppo_highway_fast_steps100000_seed2,official_sb3_ppo_highway_fast,100000,2,formal,official_sb3_ppo_highway_fast (100k),34,12.152932219786011,1,0,22.547393364917838,16,0,3.2427114334660763,0.2499999999853903,1.8039490836219243,7.059759952460471,26.942519593214353,7.059759952460471,1.2785683042429459,3.7363218446687627,1.2785683042429459,0.0810456378609644,0.0,0.0,0,160.0,1000000.0,-22.547393364917838,0.8481288363433407,0.1518711636566593,1
official_sb3_ppo_highway_fast_steps100000_seed2,official_sb3_ppo_highway_fast,100000,2,formal,official_sb3_ppo_highway_fast (100k),35,16.586579888621596,1,0,22.641664949508957,23,1,2.7379028741259983,0.24999999998821748,1.2597385942657813,12.912497573714742,40.58571896719626,12.912497573714742,1.3160785687435523,3.6755057020820954,1.3160785687435523,0.08225164320012292,0.0,0.016356744408682615,0,71.9343748574966,217425.71410061256,-7.652121854205502,0.6593251020917779,0.34067489790822214,1
official_sb3_ppo_highway_fast_steps100000_seed2,official_sb3_ppo_highway_fast,100000,2,formal,official_sb3_ppo_highway_fast (100k),36,23.318932739240598,1,0,22.199943127962083,30,1,2.5395034142784367,0.2638867339690477,1.8708813649644607,11.291742420697133,47.48755790282203,11.291742420697133,1.5692555218795523,3.4047401874326395,1.5692555218795523,0.08387005514904786,0.0,0.0,0,160.3555630102023,1000000.0,-22.199943127962083,0.848654289284593,0.15134571071540734,1
official_sb3_ppo_highway_fast_steps100000_seed2,official_sb3_ppo_highway_fast,100000,2,formal,official_sb3_ppo_highway_fast (100k),37,24.950592321503045,0,1,23.68824040187881,30,0,2.3713117248878666,0.49272229821530406,1.623756581480912,8.774457832554631,31.51040436134688,8.774457832554631,1.5393852601674713,2.776583216971821,1.5393852601674713,0.03714719933971691,0.0,0.0,0,160.0,1000000.0,-23.68824040187881,0.8481288363433409,0.1518711636566593,0
official_sb3_ppo_highway_fast_steps100000_seed2,official_sb3_ppo_highway_fast,100000,2,formal,official_sb3_ppo_highway_fast (100k),38,22.152931009801186,0,1,20.191943127962084,30,0,5.963832483550852,0.8202702202194075,0.3771356252146746,2.726188172451422,28.05053674084683,2.726188172451422,0.44834036422112494,1.4543322150612719,0.44834036422112494,0.0032069136017802797,0.0,0.0014666385425015122,0,160.09164637016434,1000000.0,-20.191943127962084,0.848268870818812,0.15173112918118825,0
official_sb3_ppo_highway_fast_steps100000_seed2,official_sb3_ppo_highway_fast,100000,2,formal,official_sb3_ppo_highway_fast (100k),39,15.019597676464214,1,0,20.16944256375698,21,0,2.6702056121716073,0.2586535076936171,0.9193439136083736,6.350351649402788,40.836389960557455,6.350351649402788,0.9943247758896567,3.292947156840642,0.9943247758896567,0.09463520149870254,0.0,0.0,0,160.0,1000000.0,-20.16944256375698,0.8481288363433408,0.1518711636566593,1
official_sb3_ppo_highway_fast_steps100000_seed2,official_sb3_ppo_highway_fast,100000,2,formal,official_sb3_ppo_highway_fast (100k),40,23.452265602892442,0,1,23.02527646129473,30,2,0.13233598800330235,0.0279414023719778,19.943541638582825,17.161068744488137,55.29611160606837,17.161068744488137,7.184778907569007,21.733688037985363,7.184778907569007,0.006467025667119741,0.0,0.10521489558460277,2,130.26734104866776,900000.9796347482,-21.047141863512465,0.7877049244537597,0.21229507554624058,0
official_sb3_ppo_highway_fast_steps100000_seed2,official_sb3_ppo_highway_fast,100000,2,formal,official_sb3_ppo_highway_fast (100k),41,24.54997050100073,0,1,23.188241532112624,30,0,2.1308175781431644,0.39315937538581475,1.6627950523575532,9.093691412274147,37.77826093943788,9.093691412274147,1.6967238322689102,3.1154881757184043,1.6967238322689102,0.05390793436605277,0.0,0.0,0,160.0,1000000.0,-23.188241532112624,0.8481288363433409,0.15187116365665934,0
official_sb3_ppo_highway_fast_steps100000_seed2,official_sb3_ppo_highway_fast,100000,2,formal,official_sb3_ppo_highway_fast (100k),42,11.286887835698279,1,0,22.383886255912362,15,0,3.3714944975742673,0.249999999985396,1.5650929314398592,6.823657681976931,24.899831906540815,6.823657681976931,1.1193308694549025,3.7195011796787334,1.1193308694549025,0.07969678905020847,0.0,0.0,0,160.0,1000000.0,-22.383886255912362,0.8481288363433405,0.15187116365665929,1
official_sb3_ppo_highway_fast_steps100000_seed2,official_sb3_ppo_highway_fast,100000,2,formal,official_sb3_ppo_highway_fast (100k),43,24.420220263024692,0,1,23.02527532878086,30,0,3.059075838491324,0.8080629937079404,1.4583710578022986,7.423325111124853,26.632775179395576,7.423325111124853,1.0841124852117676,2.1793050480774054,1.0841124852117676,0.023537330058410095,0.0,0.0,0,160.0,1000000.0,-23.02527532878086,0.8481288363433409,0.15187116365665934,0
official_sb3_ppo_highway_fast_steps100000_seed2,official_sb3_ppo_highway_fast,100000,2,formal,official_sb3_ppo_highway_fast (100k),44,22.41959844515997,0,1,20.525276461295423,30,0,2.7102218957479285,0.7591626023093079,1.2919185069953494,3.604312839589052,19.704316545374834,3.604312839589052,1.1461507764855878,2.27395187586465,1.1461507764855878,0.008031903822028941,0.0,0.0003888941506409482,0,160.51325856107306,1000000.0,-20.525276461295423,0.8488722348380423,0.15112776516195797,0
official_sb3_ppo_highway_fast_steps100000_seed2,official_sb3_ppo_highway_fast,100000,2,formal,official_sb3_ppo_highway_fast (100k),45,23.652266072573926,0,1,23.025276461295405,30,2,0.4453457220035452,0.11001161267291991,6.933523221919475,17.021944797954628,50.35872490783801,17.021944797954628,5.712999953774549,13.852032086800405,5.712999953774549,0.017901974490496818,0.0,0.09027229985927197,2,132.85056320607515,900000.9610075725,-21.142845095388136,0.7925657720458951,0.20743422795410524,0
official_sb3_ppo_highway_fast_steps100000_seed2,official_sb3_ppo_highway_fast,100000,2,formal,official_sb3_ppo_highway_fast (100k),46,22.91893145098997,0,1,22.025276461295427,30,2,0.31328794836641877,0.04885578408492847,6.222123448049641,19.119540587787807,66.87351411342419,19.119540587787807,5.328295902420316,15.097962082259961,5.328295902420316,0.062482840295446304,0.0,0.09276168604826021,3,134.47962236650085,866667.7981099787,-19.210089681549327,0.796612763162969,0.20338723683703144,0
official_sb3_ppo_highway_fast_steps100000_seed2,official_sb3_ppo_highway_fast,100000,2,formal,official_sb3_ppo_highway_fast (100k),47,23.052264787455027,0,1,21.35860979462875,30,1,2.949312544424329,0.7822799020180627,1.1241663716342594,4.799348043897389,24.931477287444093,4.799348043897389,0.9995467720437092,2.1311448996607263,0.9995467720437092,0.011670185789498052,0.0,0.001349954144889977,0,159.6789936551318,1000000.0,-21.35860979462875,0.8476124652520984,0.15238753474790181,0
official_sb3_ppo_highway_fast_steps100000_seed2,official_sb3_ppo_highway_fast,100000,2,formal,official_sb3_ppo_highway_fast (100k),48,22.82022116903634,0,1,21.025276461295423,30,0,1.7113686922573619,0.30893640882231,2.3244118059638232,9.652950814603768,47.012612136092166,9.652950814603768,2.315976789738186,3.827526172124713,2.315976789738186,0.08144985252859867,0.0,0.0,1,160.0,1000000.0,-21.025276461295423,0.8481288363433409,0.15187116365665934,0
official_sb3_ppo_highway_fast_steps100000_seed2,official_sb3_ppo_highway_fast,100000,2,formal,official_sb3_ppo_highway_fast (100k),49,24.019597676467765,0,1,22.52527646129532,30,0,2.3181501414218255,0.45123043809996277,1.5534784170723932,8.46106288155571,33.48650423113589,8.46106288155571,1.5334136893685855,2.864267132556203,1.5334136893685855,0.0455919479954139,0.0,0.0,0,160.4205720197999,1000000.0,-22.52527646129532,0.8487452375035908,0.15125476249640962,0
official_sb3_ppo_highway_fast_steps100000_seed2,official_sb3_ppo_highway_fast,100000,2,formal,official_sb3_ppo_highway_fast (100k),50,23.753554502369667,0,1,22.191943127962084,30,0,4.08771678908954,1.0427489781367876,0.9673108698977462,4.499195204626893,21.594735902277066,4.499195204626893,0.7208094950934938,1.6597478675534934,0.7208094950934938,0.009254698957404167,0.0,0.0,0,160.0,1000000.0,-22.191943127962084,0.8481288363433409,0.15187116365665934,0
official_sb3_ppo_highway_fast_steps100000_seed2,official_sb3_ppo_highway_fast,100000,2,formal,official_sb3_ppo_highway_fast (100k),51,14.753547712051477,1,0,25.941083604147096,17,0,2.1135495655769465,0.27660487092029007,2.6406405900496317,14.345388276627027,29.246005707026598,14.345388276627027,2.042438302323402,3.8390901683063254,2.042438302323402,0.13609250571132264,0.0,0.0,0,160.0,1000000.0,-25.941083604147096,0.8481288363433408,0.1518711636566593,1
official_sb3_ppo_highway_fast_steps100000_seed2,official_sb3_ppo_highway_fast,100000,2,formal,official_sb3_ppo_highway_fast (100k),52,22.652266072539184,0,1,20.858609794628755,30,1,2.5214853179630956,0.4417022382890763,2.068071216720237,10.322074107212051,50.91045729506131,10.322074107212051,1.671608454276147,2.6209863696044837,1.671608454276147,0.09770665569286757,0.0,0.0,0,160.36329545764906,1000000.0,-20.858609794628755,0.8486651886247285,0.15133481137527174,0
official_sb3_ppo_highway_fast_steps100000_seed2,official_sb3_ppo_highway_fast,100000,2,formal,official_sb3_ppo_highway_fast (100k),53,22.15355449031131,0,1,20.191943112889128,30,0,3.0665092204585878,0.5284533355632819,0.6933599736830851,5.775972268787313,39.610445620552355,5.775972268787313,0.7238920163561677,2.326403695695707,0.7238920163561677,0.051902956845409236,0.0,0.0,0,160.0,1000000.0,-20.191943112889128,0.8481288363433409,0.15187116365665934,0
official_sb3_ppo_highway_fast_steps100000_seed2,official_sb3_ppo_highway_fast,100000,2,formal,official_sb3_ppo_highway_fast (100k),54,22.55293221975772,0,1,20.691943127962087,30,0,2.945394556686476,0.5949561412363278,1.1615690957640634,4.0219554301323335,28.647903413650752,4.0219554301323335,0.9955863180581155,2.2883325199146944,0.9955863180581155,0.015061702535292045,0.0,0.0003891943029188137,0,160.361668488314,1000000.0,-20.691943127962087,0.8486628971504895,0.1513371028495108,0
official_sb3_ppo_highway_fast_steps100000_seed2,official_sb3_ppo_highway_fast,100000,2,formal,official_sb3_ppo_highway_fast (100k),55,23.652266072573926,0,1,23.025276461295405,30,2,0.868552093260011,0.20260129133741883,3.3570706377251156,14.364387577887545,42.36348106036393,14.364387577887545,3.176388064088151,7.282024974202162,3.176388064088151,0.02200460398116919,0.0,0.06711641160087325,2,132.90613104418998,900000.6625002697,-21.111542383309295,0.7925493781806199,0.2074506218193806,0
official_sb3_ppo_highway_fast_steps100000_seed2,official_sb3_ppo_highway_fast,100000,2,formal,official_sb3_ppo_highway_fast (100k),56,24.95293221978609,0,1,23.691943127956275,30,0,3.4165050027024946,0.8895325406243244,1.2524444538316843,6.950336613178179,26.161692176892082,6.950336613178179,0.9112599330811686,1.943322447918639,0.9112599330811686,0.020161025729480458,0.0,0.00012552515670820826,0,161.87553070774013,1000000.0,-23.691943127956275,0.8504065371840378,0.14959346281596242,0
official_sb3_ppo_highway_fast_steps100000_seed2,official_sb3_ppo_highway_fast,100000,2,formal,official_sb3_ppo_highway_fast (100k),57,23.62022116903634,0,1,22.025276461295416,30,0,4.483706832824187,1.2801646511745786,1.223706824627061,5.167522796759893,24.239474044170482,5.167522796759893,0.8917401315797038,1.5422509590818023,0.8917401315797038,0.012039397257958351,0.0,0.0,0,160.0,1000000.0,-22.025276461295416,0.8481288363433409,0.15187116365665934,0
official_sb3_ppo_highway_fast_steps100000_seed2,official_sb3_ppo_highway_fast,100000,2,formal,official_sb3_ppo_highway_fast (100k),58,23.3189327392406,0,1,21.691943127962084,30,1,3.3125356149842715,0.7777128779994071,1.164220555029482,4.968846345719692,28.25669581821166,4.968846345719692,0.9047834047331553,2.012747155228968,0.9047834047331553,0.013569920043344006,0.0,0.0,0,159.03416539245083,1000000.0,-21.691943127962084,0.8464495892987239,0.15355041070127629,0
official_sb3_ppo_highway_fast_steps100000_seed2,official_sb3_ppo_highway_fast,100000,2,formal,official_sb3_ppo_highway_fast (100k),59,22.952926497396557,0,1,21.19193652760741,30,0,2.0398191289631518,0.43204595871983653,2.210114731819641,9.448694296525478,40.62315570846228,9.448694296525478,2.1567899812630973,3.174102084473056,2.1567899812630973,0.07197525054704172,0.0,0.0030222761319018032,0,160.43138191300915,1000000.0,-21.19193652760741,0.8487710792098674,0.151228920790133,0
official_sb3_ppo_highway_fast_steps100000_seed2,official_sb3_ppo_highway_fast,100000,2,formal,official_sb3_ppo_highway_fast (100k),60,22.95293100979645,0,1,21.191943127956197,30,0,3.222214335618178,0.37849814619692024,1.3223451000530602,7.421413686182307,37.65706964707668,7.421413686182307,0.9574989818637032,2.319671397644276,0.9574989818637032,0.050149078719912796,0.0,0.0,0,160.0,1000000.0,-21.191943127956197,0.8481288363433409,0.15187116365665934,0
official_sb3_ppo_highway_fast_steps100000_seed2,official_sb3_ppo_highway_fast,100000,2,formal,official_sb3_ppo_highway_fast (100k),61,22.9529322182028,0,1,21.191943125977165,30,0,2.757424603530019,0.7301969687486594,1.7832209226155415,6.995494088128083,37.01621286073085,6.995494088128083,1.3910851460767817,2.406019380227647,1.3910851460767817,0.04300978138084157,0.0,0.0,0,160.0,1000000.0,-21.191943125977165,0.8481288363433409,0.15187116365665934,0
official_sb3_ppo_highway_fast_steps100000_seed2,official_sb3_ppo_highway_fast,100000,2,formal,official_sb3_ppo_highway_fast (100k),62,23.886265111016048,0,1,22.35860979462798,30,0,2.308369422232394,0.5612433504329556,1.9606687603239672,11.288586725787939,39.32600618203653,11.288586725787939,1.7266263612431072,2.783489690152367,1.7266263612431072,0.07448980880698831,0.0,0.0007112792608944165,0,161.16346601097885,1000000.0,-22.35860979462798,0.8496786096182798,0.15032139038172063,0
official_sb3_ppo_highway_fast_steps100000_seed2,official_sb3_ppo_highway_fast,100000,2,formal,official_sb3_ppo_highway_fast (100k),63,5.1188812806823965,1,0,23.679480592033332,7,1,1.694866378156642,0.24984105609426224,2.979250199825897,7.563530903433512,19.4478111159156,7.563530903433512,2.600900772924078,3.6498133784454283,2.600900772924078,0.22544806289296113,0.0,0.01593095104679654,2,153.974993142268,1000000.0,-23.679480592033332,0.8371087425594924,0.16289125744050761,1
official_sb3_ppo_highway_fast_steps100000_seed2,official_sb3_ppo_highway_fast,100000,2,formal,official_sb3_ppo_highway_fast (100k),64,1.6865371696952252,1,0,21.915047954523644,3,0,0.8951901054275037,0.24062077474290552,3.015652790784705,6.860438159786948,12.526526134679841,6.860438159786948,3.1610789121323943,6.337584938449683,3.1610789121323943,0.546853186254422,0.0,0.0,2,161.67225499068323,1000000.0,-21.915047954523644,0.8506775291562674,0.14932247084373262,1
official_sb3_ppo_highway_fast_steps100000_seed2,official_sb3_ppo_highway_fast,100000,2,formal,official_sb3_ppo_highway_fast (100k),65,22.9532500146016,0,1,21.191562518252,30,0,4.967149253474646,1.080826182977664,1.1828904739819686,4.819316638909964,22.531914010863673,4.819316638909964,0.864529231149642,1.402971306602841,0.864529231149642,0.010748799446858857,0.0,0.00010985693026644255,0,162.62553956097724,1000000.0,-21.191562518252,0.8510225860132103,0.14897741398678996,0
official_sb3_ppo_highway_fast_steps100000_seed2,official_sb3_ppo_highway_fast,100000,2,formal,official_sb3_ppo_highway_fast (100k),66,23.483952907027877,0,1,21.85571953964278,30,0,2.9578246515943674,0.6840625084332594,1.6074513206245835,8.055672970815497,34.878014372807186,8.055672970815497,1.147569795578052,2.2283896965176515,1.147569795578052,0.03762027906887839,0.0,0.0,0,160.0,1000000.0,-21.85571953964278,0.8481288363433409,0.1518711636566593,0
official_sb3_ppo_highway_fast_steps100000_seed2,official_sb3_ppo_highway_fast,100000,2,formal,official_sb3_ppo_highway_fast (100k),67,24.118925505911193,0,1,24.191934674481118,30,2,0.9969498217233771,0.1215826202785297,1.8500214538123851,12.80883000469017,50.057856049274875,12.80883000469017,1.8539653897647623,8.670795298871548,1.8539653897647623,0.036863803457694154,0.0,0.04509063999387593,1,115.78989649889103,700004.0356076858,-17.729573049621248,0.7585981083479252,0.24140189165207518,0
official_sb3_ppo_highway_fast_steps100000_seed2,official_sb3_ppo_highway_fast,100000,2,formal,official_sb3_ppo_highway_fast (100k),68,7.219598768910697,1,0,21.67582940238378,10,0,2.858973019351327,0.3124999103187948,1.8870403068587187,5.798114625103552,20.57906942622228,5.798114625103552,1.3856723459719889,3.1337479507610824,1.3856723459719889,0.11441787369154646,0.0,0.0022270516722744165,0,160.44426800292703,1000000.0,-21.67582940238378,0.8488028614230471,0.15119713857695277,1
official_sb3_ppo_highway_fast_steps100000_seed2,official_sb3_ppo_highway_fast,100000,2,formal,official_sb3_ppo_highway_fast (100k),69,25.220221169036336,0,1,24.025276461295412,30,0,4.439880147865839,1.3945519519293317,1.0937634814179946,6.645334307507194,22.698902644672177,6.645334307507194,0.8051112361069925,1.532715037843817,0.8051112361069925,0.017833772709673998,0.0,0.000505966449872386,0,163.764306171273,1000000.0,-24.025276461295412,0.8517197417493947,0.14828025825060562,0
official_sb3_ppo_highway_fast_steps100000_seed2,official_sb3_ppo_highway_fast,100000,2,formal,official_sb3_ppo_highway_fast (100k),70,21.664400628859234,1,0,21.021564130631464,29,0,1.247465863955679,0.22767302668779085,2.8817489252409962,13.597387662136668,52.06842629705303,13.597387662136668,2.798782786401742,5.528239546192408,2.798782786401742,0.12189539611324024,0.0,0.0,3,160.0,1000000.0,-21.021564130631464,0.8481288363433409,0.15187116365665934,1
official_sb3_ppo_highway_fast_steps100000_seed2,official_sb3_ppo_highway_fast,100000,2,formal,official_sb3_ppo_highway_fast (100k),71,26.113423533923918,0,1,25.1417794174049,30,0,3.1021390000710545,0.6843593621232477,1.1630031890675807,8.206731375345505,29.508762115283798,8.206731375345505,0.9528076654985406,2.198254061795883,0.9528076654985406,0.029534991164351324,0.0,0.0,0,160.0,1000000.0,-25.1417794174049,0.8481288363433409,0.15187116365665934,0
official_sb3_ppo_highway_fast_steps100000_seed2,official_sb3_ppo_highway_fast,100000,2,formal,official_sb3_ppo_highway_fast (100k),72,24.834707773498256,0,1,24.50332858745083,30,2,0.4462870297657447,0.09310300998589355,5.843125363594565,24.0417246735311,65.69731323087336,24.0417246735311,5.026047802781716,13.91414220146592,5.026047802781716,0.0717952006698316,0.0,0.10140241146632963,3,134.2857823336609,900000.8103686965,-22.52515771649124,0.7967339522647038,0.20326604773529666,0
official_sb3_ppo_highway_fast_steps100000_seed2,official_sb3_ppo_highway_fast,100000,2,formal,official_sb3_ppo_highway_fast (100k),73,21.352932219790734,1,0,21.84851049424509,28,0,2.8810509137456326,0.2740999766616369,1.6630986611703076,10.04462991418011,46.72684828852316,10.04462991418011,1.2530090678105632,3.1799015914747537,1.2530090678105632,0.08438334706391867,0.0,0.0,0,160.0,1000000.0,-21.84851049424509,0.8481288363433409,0.15187116365665934,1
official_sb3_ppo_highway_fast_steps100000_seed2,official_sb3_ppo_highway_fast,100000,2,formal,official_sb3_ppo_highway_fast (100k),74,23.75288086665432,0,1,22.191878936582842,30,0,2.222425399157489,0.44648233223995776,1.7274252672369381,8.654482920175475,39.11260347492346,8.654482920175475,1.6793467274202196,2.9526277888580252,1.6793467274202196,0.05593005974705875,0.0,0.00012033690639612566,0,162.03937827563323,1000000.0,-22.191878936582842,0.8505534188267515,0.14944658117324872,0
official_sb3_ppo_highway_fast_steps100000_seed2,official_sb3_ppo_highway_fast,100000,2,formal,official_sb3_ppo_highway_fast (100k),75,24.05226607257392,0,1,23.358609794628737,30,2,0.22036942461889814,0.0533275571319632,13.726475119535218,27.548156331543666,70.12571879626802,27.548156331543666,7.33069481968063,18.714176096470023,7.33069481968063,0.08065171239097718,0.0,0.12178295955628161,3,136.8495353195514,933333.8264282543,-22.064440345130087,0.8004911952112995,0.19950880478870084,0
official_sb3_ppo_highway_fast_steps100000_seed2,official_sb3_ppo_highway_fast,100000,2,formal,official_sb3_ppo_highway_fast (100k),76,23.353554502369676,0,1,21.691943127962084,30,0,2.9054651147376074,0.6200613973606323,2.391315085632366,11.141487669427923,41.75682885374056,11.141487669427923,1.704808430179451,2.45676790115691,1.704808430179451,0.07034976878644707,0.0,0.0,0,160.0,1000000.0,-21.691943127962084,0.8481288363433409,0.15187116365665934,0
official_sb3_ppo_highway_fast_steps100000_seed2,official_sb3_ppo_highway_fast,100000,2,formal,official_sb3_ppo_highway_fast (100k),77,22.752929244746284,0,1,22.02527646102949,30,2,3.561048484192453,0.4505713208061117,0.8640807354519454,9.936493997754354,43.255673244176435,9.936493997754354,0.8064786960039914,2.1824972209740605,0.8064786960039914,0.04802387306572053,0.0,0.00778783226385596,0,120.60294021075873,800002.8505857377,-18.010535704627085,0.7644252819297974,0.23557471807020297,0
official_sb3_ppo_highway_fast_steps100000_seed2,official_sb3_ppo_highway_fast,100000,2,formal,official_sb3_ppo_highway_fast (100k),78,4.886886943333478,1,0,22.251180053572202,7,0,1.901803594196085,0.24999724187657898,2.211890140763311,5.635602968024606,21.221259258647294,5.635602968024606,2.10843791017178,3.482288135883381,2.10843791017178,0.23010488187022332,0.0,0.0,2,160.0,1000000.0,-22.251180053572202,0.8481288363433406,0.15187116365665934,1
official_sb3_ppo_highway_fast_steps100000_seed2,official_sb3_ppo_highway_fast,100000,2,formal,official_sb3_ppo_highway_fast (100k),79,6.185598012201319,1,0,19.883366333847913,9,1,2.541753108256519,0.25713507085259385,1.2117985442440804,4.35579222846785,19.567708764661415,4.35579222846785,1.181853043439037,3.56781548269078,1.181853043439037,0.12924154142278327,0.0,0.0005795811118679108,0,165.47579911286877,1000000.0,-19.883366333847913,0.8556147864606282,0.14438521353937178,1
official_sb3_ppo_highway_fast_steps100000_seed2,official_sb3_ppo_highway_fast,100000,2,formal,official_sb3_ppo_highway_fast (100k),80,11.953554502369668,1,0,20.338723166991915,17,0,4.502174919426906,0.2499999999999995,1.0326741300022042,5.146465184142341,27.13270169325732,5.146465184142341,0.7643850018297991,3.5752693939516615,0.7643850018297991,0.0680409709673186,0.0,0.0,0,160.0,1000000.0,-20.338723166991915,0.8481288363433406,0.1518711636566593,1
official_sb3_ppo_highway_fast_steps100000_seed2,official_sb3_ppo_highway_fast,100000,2,formal,official_sb3_ppo_highway_fast (100k),81,23.753553805435725,0,1,22.19194225679466,30,0,2.461663367854631,0.8097895213571082,2.4841107169230057,10.332721334382674,36.5473682078623,10.332721334382674,1.9293994915636354,2.7885498543963494,1.9293994915636354,0.04359416118630385,0.0,0.0,0,160.0,1000000.0,-22.19194225679466,0.8481288363433409,0.15187116365665934,0
official_sb3_ppo_highway_fast_steps100000_seed2,official_sb3_ppo_highway_fast,100000,2,formal,official_sb3_ppo_highway_fast (100k),82,22.286264346073136,0,1,20.35860979462875,30,0,4.526987127051878,0.8051265210839933,0.4798531553785641,3.7420644046718663,30.62937852194297,3.7420644046718663,0.47378707698044176,1.5933775959506944,0.47378707698044176,0.014946978946998566,0.0,0.001900703105290323,0,160.43925500752212,1000000.0,-20.35860979462875,0.848785231252987,0.1512147687470133,0
official_sb3_ppo_highway_fast_steps100000_seed2,official_sb3_ppo_highway_fast,100000,2,formal,official_sb3_ppo_highway_fast (100k),83,23.220221169036332,0,1,21.525276461295416,30,0,3.4743937851238815,0.6124056376445763,1.6725803690464662,8.523288420529097,39.18574953741977,8.523288420529097,1.1909891611926404,2.0383603174244778,1.1909891611926404,0.05419188653372113,0.0,0.0,0,160.0,1000000.0,-21.525276461295416,0.8481288363433409,0.15187116365665934,0
official_sb3_ppo_highway_fast_steps100000_seed2,official_sb3_ppo_highway_fast,100000,2,formal,official_sb3_ppo_highway_fast (100k),84,18.886887835703007,1,0,21.6703317535545,25,0,3.744910293732239,0.3081077610901047,1.2714209661617832,7.05045102643108,34.61210406750368,7.05045102643108,0.9235495592695184,3.0585494510022415,0.9235495592695184,0.051369710027822826,0.0,0.0,0,160.0,1000000.0,-21.6703317535545,0.8481288363433407,0.1518711636566593,1
official_sb3_ppo_highway_fast_steps100000_seed2,official_sb3_ppo_highway_fast,100000,2,formal,official_sb3_ppo_highway_fast (100k),85,24.68626555312407,0,1,23.35860979462875,30,0,3.392116023780767,0.3622595062114271,1.5906628662759366,10.363875906323674,38.10148377333489,10.363875906323674,1.136377492678954,2.477589252157785,1.136377492678954,0.05637538125401134,0.0,0.0,0,160.0,1000000.0,-23.35860979462875,0.8481288363433409,0.15187116365665934,0
official_sb3_ppo_highway_fast_steps100000_seed2,official_sb3_ppo_highway_fast,100000,2,formal,official_sb3_ppo_highway_fast (100k),86,25.75293221820218,0,1,24.69194312597639,30,0,3.7485031111908986,0.8707474806687021,0.9685648258247977,6.377401552934882,23.515513957341753,6.377401552934882,0.7586035776609625,1.824038618577066,0.7586035776609625,0.01818879773804521,0.0,0.0,0,160.0,1000000.0,-24.69194312597639,0.8481288363433409,0.15187116365665934,0
official_sb3_ppo_highway_fast_steps100000_seed2,official_sb3_ppo_highway_fast,100000,2,formal,official_sb3_ppo_highway_fast (100k),87,23.620221169035723,0,1,22.025276461294652,30,0,1.8438366862053857,0.34202533346312075,2.424782492919128,11.37103889037468,45.24206876620985,11.37103889037468,2.291031203453655,3.607335923607518,2.291031203453655,0.08525128286001447,0.0,0.0,2,160.0,1000000.0,-22.025276461294652,0.8481288363433409,0.1518711636566593,0
official_sb3_ppo_highway_fast_steps100000_seed2,official_sb3_ppo_highway_fast,100000,2,formal,official_sb3_ppo_highway_fast (100k),88,24.263433773382935,0,1,22.830070069993603,30,0,2.7419137429517173,0.6565261395052454,1.5180575125488525,7.536677293804063,30.418065999068578,7.536677293804063,1.277262963949149,2.421982035850945,1.277262963949149,0.02923929087005141,0.0,0.000951550550526882,0,160.3742394259138,1000000.0,-22.830070069993603,0.8486805770607189,0.1513194229392814,0
official_sb3_ppo_highway_fast_steps100000_seed2,official_sb3_ppo_highway_fast,100000,2,formal,official_sb3_ppo_highway_fast (100k),89,23.353554502369676,0,1,21.691943127962084,30,0,3.1262228451500866,0.8941577074220084,1.5604595590484738,6.130272218275783,31.7057492294095,6.130272218275783,1.1162419545273121,2.1189299817031118,1.1162419545273121,0.018714197789645153,0.0,0.0020632443681524735,0,160.28799128707632,1000000.0,-21.691943127962084,0.8485580996932096,0.15144190030679067,0
official_sb3_ppo_highway_fast_steps100000_seed2,official_sb3_ppo_highway_fast,100000,2,formal,official_sb3_ppo_highway_fast (100k),90,22.419598444349994,0,1,20.525276461295423,30,0,3.855396918666528,0.8919064191289804,1.249278121861255,4.675157503508368,29.070022683328695,4.675157503508368,0.8920829747155588,1.6179454702739158,0.8920829747155588,0.013793003575585275,0.0,0.0,0,160.79743865377284,1000000.0,-20.525276461295423,0.8492424822335815,0.15075751776641882,0
official_sb3_ppo_highway_fast_steps100000_seed2,official_sb3_ppo_highway_fast,100000,2,formal,official_sb3_ppo_highway_fast (100k),91,21.686887835702997,1,0,21.26752737375388,29,0,2.6895859759170566,0.2980629779759049,1.6723390805310918,8.137296947540067,41.70620359298405,8.137296947540067,1.3738452524534654,3.069663532599897,1.3738452524534654,0.06720289213129123,0.0,0.0,0,160.0,1000000.0,-21.26752737375388,0.8481288363433409,0.1518711636566593,1
official_sb3_ppo_highway_fast_steps100000_seed2,official_sb3_ppo_highway_fast,100000,2,formal,official_sb3_ppo_highway_fast (100k),92,22.91893272693837,0,1,21.191943112627744,30,1,4.24124862984038,0.9097896313675667,0.9955876230585632,4.139985998948035,26.67647278481241,4.139985998948035,0.7396606638673717,1.5756722901862255,0.7396606638673717,0.009577572816841273,0.0,0.0005635783881475134,0,159.1068600564803,1000000.0,-21.191943112627744,0.8464655198333285,0.15353448016667184,0
official_sb3_ppo_highway_fast_steps100000_seed2,official_sb3_ppo_highway_fast,100000,2,formal,official_sb3_ppo_highway_fast (100k),93,26.81959888642157,0,1,26.02527646125063,30,0,2.447399666171345,0.5946237207950569,1.8240763252295598,10.166542460923207,31.078765091677656,10.166542460923207,1.6025191850154432,2.6970407934766847,1.6025191850154432,0.04938130665406896,0.0,0.0,0,160.0,1000000.0,-26.02527646125063,0.8481288363433409,0.1518711636566593,0
official_sb3_ppo_highway_fast_steps100000_seed2,official_sb3_ppo_highway_fast,100000,2,formal,official_sb3_ppo_highway_fast (100k),94,25.62022116903633,0,1,24.525276461295412,30,0,2.663027767737646,0.6847317576645224,1.7135983223121114,9.667559524371905,31.953865873699176,9.667559524371905,1.4178281707190437,2.493319986076507,1.4178281707190437,0.038933368302072204,0.0,0.0,0,160.0,1000000.0,-24.525276461295412,0.8481288363433409,0.15187116365665934,0
official_sb3_ppo_highway_fast_steps100000_seed2,official_sb3_ppo_highway_fast,100000,2,formal,official_sb3_ppo_highway_fast (100k),95,22.286887835702927,0,1,22.858609794628663,30,0,0.417428867488289,0.10043956542513342,7.205263681921499,18.625134419990033,59.84489346310205,18.625134419990033,5.88503610360334,14.858584790104882,5.88503610360334,0.008707620888929167,0.0,0.10168087275806117,2,78.84768646850623,266700.45980067045,-8.762950071837285,0.6767772122596906,0.3232227877403094,0
official_sb3_ppo_highway_fast_steps100000_seed2,official_sb3_ppo_highway_fast,100000,2,formal,official_sb3_ppo_highway_fast (100k),96,2.7970655133993034,1,0,22.406686424269108,4,0,1.028251637095775,0.1999878674608664,3.175386045495079,6.63517162841726,14.932640587200723,6.63517162841726,3.035320312890762,6.514765509408973,3.035320312890762,0.4028995079488746,0.0,0.0,2,160.0,1000000.0,-22.406686424269108,0.8481288363433407,0.15187116365665934,1
official_sb3_ppo_highway_fast_steps100000_seed2,official_sb3_ppo_highway_fast,100000,2,formal,official_sb3_ppo_highway_fast (100k),97,19.930722722656835,1,0,26.082700091288306,23,0,0.9038518552307178,0.19496586987106923,4.127010885675059,15.28915724506368,32.660388421366086,15.28915724506368,3.7360030114801543,7.144195645908437,3.7360030114801543,0.11204231339730125,0.0,0.0,2,160.0,1000000.0,-26.082700091288306,0.8481288363433409,0.15187116365665929,1
official_sb3_ppo_highway_fast_steps100000_seed2,official_sb3_ppo_highway_fast,100000,2,formal,official_sb3_ppo_highway_fast (100k),98,22.95355450236966,0,1,21.19194312796208,30,0,2.510382495163483,0.4140325270605873,1.2799075140407123,6.50441182788478,34.1261878675877,6.50441182788478,1.250621577101946,2.4932471669750025,1.250621577101946,0.03898811311566154,0.0,0.0,0,160.0,1000000.0,-21.19194312796208,0.8481288363433409,0.15187116365665934,0
official_sb3_ppo_highway_fast_steps100000_seed2,official_sb3_ppo_highway_fast,100000,2,formal,official_sb3_ppo_highway_fast (100k),99,24.38559928659655,0,1,24.525276312157015,30,2,0.438612458854424,0.12866467380226368,8.44985623712396,29.378737620805833,70.38681207576926,29.378737620805833,6.719623483224145,13.675308364961879,6.719623483224145,0.03148581954775466,0.0,0.16677151922476693,4,109.09064655502941,700004.3227370562,-18.877006671191378,0.7390693641955824,0.260930635804418,0
official_sb3_ppo_highway_fast_steps100000_seed2,official_sb3_ppo_highway_fast,100000,2,formal,official_sb3_ppo_highway_fast (100k),100,12.152932219754856,1,0,21.809393364996232,16,0,2.8520284196891823,0.2513381262861003,2.850978826787162,10.121742530925566,29.96846254670244,10.121742530925566,2.0308443791337374,3.5797029828006304,2.0308443791337374,0.10938572754819992,0.0,0.0,0,160.0,1000000.0,-21.809393364996232,0.8481288363433407,0.1518711636566593,1
official_sb3_ppo_highway_fast_steps100000_seed2,official_sb3_ppo_highway_fast,100000,2,formal,official_sb3_ppo_highway_fast (100k),101,23.919587232827155,0,1,22.525276461295416,30,1,4.039366757182484,1.311606106841563,1.3740062994311693,6.4449797470035834,25.247855356115693,6.4449797470035834,0.9919397814491091,1.7018879746580713,0.9919397814491091,0.016386341395886874,0.0,0.004054156810320809,0,166.03647520862876,966667.5394564646,-22.090656494360225,0.8540249332224825,0.14597506677751776,0
official_sb3_ppo_highway_fast_steps100000_seed2,official_sb3_ppo_highway_fast,100000,2,formal,official_sb3_ppo_highway_fast (100k),102,6.820221156737148,1,0,19.855829395433826,10,0,3.2233031281413744,0.28230447354089633,0.78961628701009,3.6607981399390437,20.3477156636755,3.6607981399390437,0.7336786225666159,3.219189694994991,0.7336786225666159,0.10666506744807178,0.0,0.0,0,160.0,1000000.0,-19.855829395433826,0.8481288363433406,0.15187116365665929,1
official_sb3_ppo_highway_fast_steps100000_seed2,official_sb3_ppo_highway_fast,100000,2,formal,official_sb3_ppo_highway_fast (100k),103,25.718932739240515,0,1,24.69194312796198,30,1,3.549054197945815,0.7789448589280732,1.2011247182359888,7.952910601459333,25.377630885195263,7.952910601459333,0.8766853939856556,1.8958073611490536,0.8766853939856556,0.025235094097522906,0.0,0.0,0,162.6562210002772,1000000.0,-24.69194312796198,0.8510448734825548,0.14895512651744552,0
official_sb3_ppo_highway_fast_steps100000_seed2,official_sb3_ppo_highway_fast,100000,2,formal,official_sb3_ppo_highway_fast (100k),104,2.7970655133993034,1,0,22.406686424269108,4,0,1.1127957892545628,0.22825628992932032,3.0471723377255495,6.392486882893868,13.986846209912288,6.392486882893868,2.9071831518579643,5.908482570276175,2.9071831518579643,0.3865365645418186,0.0,0.0017810857008460931,2,172.97199857957895,1000000.0,-22.406686424269108,0.8641838044827169,0.13581619551728308,1
official_sb3_ppo_highway_fast_steps100000_seed2,official_sb3_ppo_highway_fast,100000,2,formal,official_sb3_ppo_highway_fast (100k),105,22.252264784323316,0,1,20.358609794628755,30,1,2.1438366169162686,0.42882409687295525,1.4787990294130926,10.036080565730872,53.81699689262777,10.036080565730872,1.5582365673027139,2.912239593512196,1.5582365673027139,0.10679997195095818,0.0,0.0,0,160.46282178479476,1000000.0,-20.358609794628755,0.8488035147765558,0.15119648522344448,0
official_sb3_ppo_highway_fast_steps100000_seed2,official_sb3_ppo_highway_fast,100000,2,formal,official_sb3_ppo_highway_fast (100k),106,18.65221461401573,1,0,23.914659942655685,24,2,0.7165052991846856,0.13088232540771286,3.1867808747904016,19.558472844888048,55.51795301259434,19.558472844888048,3.1093050537256293,9.59768386604884,3.1093050537256293,0.08694090653717867,0.0,0.08207682870154286,4,96.72364967173444,500013.7026634075,-14.31415255730723,0.7116249669381841,0.2883750330618159,1
official_sb3_ppo_highway_fast_steps100000_seed2,official_sb3_ppo_highway_fast,100000,2,formal,official_sb3_ppo_highway_fast (100k),107,25.883953347101517,0,1,24.85571953710057,30,0,4.277432906970964,1.000107672639896,0.9234584165879338,7.02974508745141,24.14002512997316,7.02974508745141,0.6915745262202855,1.6016946534786771,0.6915745262202855,0.019552815622530247,0.0,0.0,0,160.0,1000000.0,-24.85571953710057,0.8481288363433409,0.15187116365665934,0
official_sb3_ppo_highway_fast_steps100000_seed2,official_sb3_ppo_highway_fast,100000,2,formal,official_sb3_ppo_highway_fast (100k),108,25.086264343133887,0,1,23.858609794627977,30,0,4.749205100808834,0.7140432873311515,1.1537283910558644,8.26406158796313,24.45736295035804,8.26406158796313,0.8450878425322392,1.5069743082546958,0.8450878425322392,0.028490518519047776,0.0,0.000646594598478324,0,164.77919875487038,1000000.0,-23.858609794627977,0.8538016367442721,0.14619836325572816,0
official_sb3_ppo_highway_fast_steps100000_seed2,official_sb3_ppo_highway_fast,100000,2,formal,official_sb3_ppo_highway_fast (100k),109,22.819598886457406,0,1,21.025276461295416,30,0,3.204073335106835,0.9522451679713556,1.5656478224776829,4.560866010440752,27.23207590422034,4.560866010440752,1.1197007968134516,2.083109336769768,1.1197007968134516,0.009911695189128428,0.0,6.521106693702151e-05,0,162.30330324224502,1000000.0,-21.025276461295416,0.8509046356351914,0.1490953643648089,0
official_sb3_ppo_highway_fast_steps100000_seed2,official_sb3_ppo_highway_fast,100000,2,formal,official_sb3_ppo_highway_fast (100k),110,23.452266072573934,0,1,21.85860979462875,30,1,2.4161423141721454,0.29674057543772325,2.6438914600231445,15.14384453850589,67.69068696917623,15.14384453850589,2.0526110399806394,2.894393149545238,2.0526110399806394,0.12933556120900014,0.0,0.0,0,160.33907327341097,1000000.0,-21.85860979462875,0.8486309721691827,0.15136902783081754,0
official_sb3_ppo_highway_fast_steps100000_seed2,official_sb3_ppo_highway_fast,100000,2,formal,official_sb3_ppo_highway_fast (100k),111,23.852266072546392,0,1,22.358609794594326,30,1,3.993724695726745,1.2320470138884914,1.2216934709146579,6.007041975153152,24.507075321912442,6.007041975153152,0.8903978957714349,1.6939231221865458,0.8903978957714349,0.015582161605632123,0.0,0.0002559980367824709,0,161.38410383246077,1000000.0,-22.358609794594326,0.8496131147902517,0.15038688520974855,0
official_sb3_ppo_highway_fast_steps100000_seed2,official_sb3_ppo_highway_fast,100000,2,formal,official_sb3_ppo_highway_fast (100k),112,24.945462356403993,0,1,25.641771816082993,30,2,0.21612842083438785,0.06300338689560021,16.85971190015442,45.83202840249837,96.24573397031747,45.83202840249837,7.169059763913243,18.802907156256783,7.169059763913243,0.03428182360217617,0.0,0.2904056438319351,6,84.03024991348305,400016.29783972463,-14.747677537690183,0.6798382556458454,0.32016174435415495,0
official_sb3_ppo_highway_fast_steps100000_seed2,official_sb3_ppo_highway_fast,100000,2,formal,official_sb3_ppo_highway_fast (100k),113,22.152931009801186,0,1,20.191943127962084,30,0,6.51884052915453,0.9108363005066235,0.28689336930522163,2.5288022116328306,26.008971310983455,2.5288022116328306,0.3266703386112705,1.267799272259619,0.3266703386112705,0.0013386545886241825,0.0,0.0011156964361869728,0,161.1629323611424,1000000.0,-20.191943127962084,0.8496780058643766,0.15032199413562367,0
official_sb3_ppo_highway_fast_steps100000_seed2,official_sb3_ppo_highway_fast,100000,2,formal,official_sb3_ppo_highway_fast (100k),114,25.9855985153665,0,1,25.025275348119457,30,1,2.898153643451868,0.6579950947144018,1.3443667629046059,9.38753936518713,32.028481514916734,9.38753936518713,1.1007413127963828,2.2864312640797166,1.1007413127963828,0.03740585067119714,0.0,0.0,0,161.31858701305606,1000000.0,-25.025275348119457,0.8498502676694066,0.15014973233059362,0
official_sb3_ppo_highway_fast_steps100000_seed2,official_sb3_ppo_highway_fast,100000,2,formal,official_sb3_ppo_highway_fast (100k),115,24.452266072306035,0,1,24.02527646096056,30,2,0.6317965368369439,0.10915976515610964,3.4183625637597777,24.905539573822644,71.99963693385128,24.905539573822644,3.315439058790362,11.133302640244821,3.315439058790362,0.10324858295369412,0.0,0.09194371172656253,5,138.67866194789897,866667.6374584179,-21.20412602831356,0.803344868460327,0.1966551315396733,0
official_sb3_ppo_highway_fast_steps100000_seed2,official_sb3_ppo_highway_fast,100000,2,formal,official_sb3_ppo_highway_fast (100k),116,2.7970655133993034,1,0,23.442464293621807,4,0,1.4270731995312234,0.2575296697376085,2.632647467255503,5.368416734195304,12.967369949613957,5.368416734195304,2.5852178598927225,4.8682077916751165,2.5852178598927225,0.3438167654818849,0.0,0.0024392180465859815,2,162.76050422604126,1000000.0,-23.442464293621807,0.8522018415257993,0.14779815847420083,1
official_sb3_ppo_highway_fast_steps100000_seed2,official_sb3_ppo_highway_fast,100000,2,formal,official_sb3_ppo_highway_fast (100k),117,22.55293221975772,0,1,20.691943127962087,30,0,2.151295050179015,0.40947788612956704,1.7590619420924105,7.843784789818622,42.28687015043844,7.843784789818622,1.7378686612796495,3.0491167428910564,1.7378686612796495,0.06880321261472398,0.0,0.0004091560011345978,0,160.2887637965101,1000000.0,-20.691943127962087,0.8485592089746218,0.15144079102537852,0
official_sb3_ppo_highway_fast_steps100000_seed2,official_sb3_ppo_highway_fast,100000,2,formal,official_sb3_ppo_highway_fast (100k),118,22.15355450236966,0,1,22.691943127962077,30,0,0.12186735531597838,0.01998157696132921,16.817638004898477,27.41862489787847,75.59663305259166,27.41862489787847,7.240807570221626,22.411763533619393,7.240807570221626,0.013525752008719964,0.00034771912142153,0.17206174508714378,4,71.75829652499955,233343.22859769771,-7.6410358588694525,0.6557707779423393,0.3442292220576605,0
official_sb3_ppo_highway_fast_steps100000_seed2,official_sb3_ppo_highway_fast,100000,2,formal,official_sb3_ppo_highway_fast (100k),119,24.85195482198945,0,1,24.85822073139815,30,2,0.7294333049548335,0.08898239728719773,2.090465177120985,13.300108419795803,52.84192590760348,13.300108419795803,2.342341101152279,10.79664577214376,2.342341101152279,0.02660205682530601,0.0,0.052618526280073664,2,123.69059035084099,800001.8187464196,-20.53130094344162,0.7751554223332032,0.22484457766679714,0
official_sb3_ppo_highway_fast_steps100000_seed2,official_sb3_ppo_highway_fast,100000,2,formal,official_sb3_ppo_highway_fast (100k),120,18.82022116903634,1,0,20.329165147648556,26,0,2.1010569860510633,0.25427913119742124,1.6106092023541636,11.458886232391365,71.78764349188495,11.458886232391365,1.5844353368353876,3.3383312229579976,1.5844353368353876,0.15437501762595768,0.0,0.0,0,160.0,1000000.0,-20.329165147648556,0.8481288363433408,0.15187116365665929,1
official_sb3_ppo_highway_fast_steps100000_seed2,official_sb3_ppo_highway_fast,100000,2,formal,official_sb3_ppo_highway_fast (100k),121,23.25350715284493,0,1,22.691943127956186,30,2,2.6145088639761798,0.6168992109555922,1.602168467595964,9.155207074668075,35.172589346780875,9.155207074668075,1.3923862982782567,2.530586741022026,1.3923862982782567,0.03519438206827714,0.0,0.004176631088340117,0,136.7761441784013,1000000.0,-22.691943127956186,0.8042410304803086,0.19575896951969177,0
official_sb3_ppo_highway_fast_steps100000_seed2,official_sb3_ppo_highway_fast,100000,2,formal,official_sb3_ppo_highway_fast (100k),122,14.997733958806979,1,0,23.416580181855878,19,0,1.0930208764192173,0.1956157495572682,3.091629643304368,11.874408201855251,31.26170481793315,11.874408201855251,2.992862726326692,6.358532407272218,2.992862726326692,0.11560429098084588,0.0,2.2551529471933936e-05,2,160.2632967496386,1000000.0,-23.416580181855878,0.8485273594358155,0.15147264056418455,1
official_sb3_ppo_highway_fast_steps100000_seed2,official_sb3_ppo_highway_fast,100000,2,formal,official_sb3_ppo_highway_fast (100k),123,8.75288085103844,1,0,24.61421522824106,11,0,1.7727452635539112,0.24984132918665633,2.7812590505991164,9.423610167599886,23.978171794916747,9.423610167599886,2.4060935435676134,3.7400292178819896,2.4060935435676134,0.16733407269135178,0.0,0.0,2,160.97142998491563,1000000.0,-24.61421522824106,0.8495643061971534,0.1504356938028466,1
official_sb3_ppo_highway_fast_steps100000_seed2,official_sb3_ppo_highway_fast,100000,2,formal,official_sb3_ppo_highway_fast (100k),124,26.6522660725692,0,1,25.858609794622843,30,1,2.2428722182518386,0.5773676501152524,2.2384823437048396,13.95811407946885,36.96326912435701,13.95811407946885,1.9455871647914054,2.9567914839983525,1.9455871647914054,0.07813184492446194,0.0,0.0,0,162.92664574846185,1000000.0,-25.858609794622843,0.851232275690752,0.1487677243092482,0
official_sb3_ppo_highway_fast_steps100000_seed2,official_sb3_ppo_highway_fast,100000,2,formal,official_sb3_ppo_highway_fast (100k),125,22.41959888645741,1,0,20.965009794628752,30,0,2.2527875752418534,0.2525008977371669,3.1634051264355745,14.217224229761815,61.19060270604431,14.217224229761815,2.4588502218633668,3.37365814680157,2.4588502218633668,0.12267497536303368,0.0,0.0,0,160.0,1000000.0,-20.965009794628752,0.8481288363433409,0.15187116365665934,1
official_sb3_ppo_highway_fast_steps100000_seed2,official_sb3_ppo_highway_fast,100000,2,formal,official_sb3_ppo_highway_fast (100k),126,24.820221169036337,0,1,23.525276461295412,30,0,4.533579801648399,1.3430082002953814,1.0024130220909475,5.9247255145723505,21.739527054687617,5.9247255145723505,0.7442109298889614,1.4988999424760292,0.7442109298889614,0.015127656145933425,0.0,0.0,0,160.0,1000000.0,-23.525276461295412,0.8481288363433409,0.15187116365665934,0
official_sb3_ppo_highway_fast_steps100000_seed2,official_sb3_ppo_highway_fast,100000,2,formal,official_sb3_ppo_highway_fast (100k),127,22.819598886457406,0,1,21.025276461295416,30,0,3.622913730302944,0.7231108262257009,1.7295853322832082,6.724508626286241,33.88573316125078,6.724508626286241,1.228992470017135,1.9280251947294633,1.228992470017135,0.03518533901126928,0.0,0.0,0,160.0,1000000.0,-21.025276461295416,0.8481288363433409,0.15187116365665934,0
official_sb3_ppo_highway_fast_steps100000_seed2,official_sb3_ppo_highway_fast,100000,2,formal,official_sb3_ppo_highway_fast (100k),128,6.753547634370398,1,0,22.973144961066907,9,0,2.2733858476015447,0.3110764328557668,2.319893058218532,6.878429013497138,20.829943682063618,6.878429013497138,1.968299648244155,3.1601331399267667,1.968299648244155,0.16564418820907176,0.0,0.0,0,160.0,1000000.0,-22.973144961066907,0.8481288363433407,0.1518711636566593,1
official_sb3_ppo_highway_fast_steps100000_seed2,official_sb3_ppo_highway_fast,100000,2,formal,official_sb3_ppo_highway_fast (100k),129,22.28626511101364,0,1,20.358609794628755,30,0,4.6481507972553056,0.33029668636289095,0.847721160419565,7.102518799401542,42.91540097661121,7.102518799401542,0.6410830221080397,2.626579244440862,0.6410830221080397,0.061538824923961184,0.0,0.0,0,160.0,1000000.0,-20.358609794628755,0.8481288363433409,0.15187116365665934,0
official_sb3_ppo_highway_fast_steps100000_seed2,official_sb3_ppo_highway_fast,100000,2,formal,official_sb3_ppo_highway_fast (100k),130,27.220221166971395,0,1,26.52527645871425,30,0,2.734170912553718,0.7303688829012338,1.7278417395926091,10.131257363954878,28.178928715851942,10.131257363954878,1.3797417920538353,2.4269181336279138,1.3797417920538353,0.04103234735258686,0.0,0.0,0,160.0,1000000.0,-26.52527645871425,0.8481288363433409,0.1518711636566593,0
official_sb3_ppo_highway_fast_steps100000_seed2,official_sb3_ppo_highway_fast,100000,2,formal,official_sb3_ppo_highway_fast (100k),131,22.535373478640537,0,1,20.66999525416236,30,0,5.401144256667832,0.7065367882587409,0.30610988580221316,3.4177724247312042,25.03534581322232,3.4177724247312042,0.3942505168476973,1.575824869829682,0.3942505168476973,0.011705693325145688,0.0,0.0,0,160.0,1000000.0,-20.66999525416236,0.8481288363433409,0.15187116365665934,0
official_sb3_ppo_highway_fast_steps100000_seed2,official_sb3_ppo_highway_fast,100000,2,formal,official_sb3_ppo_highway_fast (100k),132,22.15355450236968,0,1,20.191943127962084,30,0,5.208324213606855,0.6828391995639207,0.40355598609950927,5.158409647416636,37.0662107777161,5.158409647416636,0.39466511695561945,1.4348019103098466,0.39466511695561945,0.04414768096653297,0.0,0.0,0,160.0,1000000.0,-20.191943127962084,0.8481288363433409,0.15187116365665934,0
official_sb3_ppo_highway_fast_steps100000_seed2,official_sb3_ppo_highway_fast,100000,2,formal,official_sb3_ppo_highway_fast (100k),133,23.886265553124073,0,1,22.35860979462875,30,0,4.230097389859514,0.7349470920944325,1.2501871907055815,6.47434929207277,29.56947312516936,6.47434929207277,0.9093937089653841,1.6176192325744885,0.9093937089653841,0.025525564191476897,0.0,0.0,0,160.0,1000000.0,-22.35860979462875,0.8481288363433409,0.15187116365665934,0
official_sb3_ppo_highway_fast_steps100000_seed2,official_sb3_ppo_highway_fast,100000,2,formal,official_sb3_ppo_highway_fast (100k),134,23.753554502369674,0,1,22.191943127962084,30,0,6.54600356987693,0.7989842257503027,0.7129236470074428,5.057314483524859,24.751711405560982,5.057314483524859,0.5512180131666249,1.2356763801588322,0.5512180131666249,0.013554383278904562,0.0,0.0,0,160.0,1000000.0,-22.191943127962084,0.8481288363433409,0.15187116365665934,0
official_sb3_ppo_highway_fast_steps100000_seed2,official_sb3_ppo_highway_fast,100000,2,formal,official_sb3_ppo_highway_fast (100k),135,22.286264346073136,0,1,20.35860979462875,30,0,6.128252007267,0.7886075768766612,0.25647819847940484,2.8095158244889666,24.70316835423206,2.8095158244889666,0.3314780167306018,1.4186974201240106,0.3314780167306018,0.00487150008341565,0.0,0.0,0,160.37139523833326,1000000.0,-20.35860979462875,0.8486765820662837,0.15132341793371662,0
official_sb3_ppo_highway_fast_steps100000_seed2,official_sb3_ppo_highway_fast,100000,2,formal,official_sb3_ppo_highway_fast (100k),136,25.486265553124067,0,1,24.358609794628748,30,0,3.7348307978181183,1.213642732922213,1.4051568037108297,8.05997857850842,24.800748193503722,8.05997857850842,1.0127067843022162,1.821307055079085,1.0127067843022162,0.02386996500425113,0.0,0.0,0,160.0,1000000.0,-24.358609794628748,0.8481288363433409,0.1518711636566593,0
official_sb3_ppo_highway_fast_steps100000_seed2,official_sb3_ppo_highway_fast,100000,2,formal,official_sb3_ppo_highway_fast (100k),137,23.98216964200972,0,1,22.478490458373873,30,0,2.080713366762642,0.44308378631754236,1.7576624555071088,9.111977636022333,34.04308420896767,9.111977636022333,1.7766919346511807,3.171430770765011,1.7766919346511807,0.05395601871973151,0.0,0.0,0,160.0,1000000.0,-22.478490458373873,0.8481288363433409,0.15187116365665934,0
official_sb3_ppo_highway_fast_steps100000_seed2,official_sb3_ppo_highway_fast,100000,2,formal,official_sb3_ppo_highway_fast (100k),138,23.597110481681945,0,1,21.99716746781305,30,0,3.685387230174207,0.8433184690565554,1.0740239874632203,4.885155981212348,26.982698326285337,4.885155981212348,0.8016756019832239,1.8266245020083591,0.8016756019832239,0.012796475202169083,0.0,0.0,0,160.0,1000000.0,-21.99716746781305,0.8481288363433409,0.15187116365665934,0
official_sb3_ppo_highway_fast_steps100000_seed2,official_sb3_ppo_highway_fast,100000,2,formal,official_sb3_ppo_highway_fast (100k),139,23.486259062850756,0,1,21.858603194274064,30,0,1.9552655777017938,0.5243104184782968,2.0265534584977742,10.004909638886389,36.72454776652177,10.004909638886389,1.9621159484868798,3.1052723368460646,1.9621159484868798,0.06472587679967819,0.0,0.0,1,160.0,1000000.0,-21.858603194274064,0.8481288363433409,0.15187116365665934,0
official_sb3_ppo_highway_fast_steps100000_seed2,official_sb3_ppo_highway_fast,100000,2,formal,official_sb3_ppo_highway_fast (100k),140,23.452266072573934,0,1,21.85860979462875,30,1,3.594540656617175,1.024758038097568,1.281920843151528,5.184235345294445,24.525969756426168,5.184235345294445,0.9305494772626817,1.8627428421443342,0.9305494772626817,0.012073635825714876,0.0,0.0,0,159.6492106301296,1000000.0,-21.85860979462875,0.8475624835251422,0.15243751647485806,0
official_sb3_ppo_highway_fast_steps100000_seed2,official_sb3_ppo_highway_fast,100000,2,formal,official_sb3_ppo_highway_fast (100k),141,23.220180980313497,0,1,21.525226225391865,30,0,2.223629963457395,0.3239223294225176,1.146195306033668,7.340199678277405,34.58182484172105,7.340199678277405,1.3385482451108344,2.9508241591249322,1.3385482451108344,0.04066579271662096,0.0,0.0,0,160.0,1000000.0,-21.525226225391865,0.8481288363433409,0.15187116365665934,0
official_sb3_ppo_highway_fast_steps100000_seed2,official_sb3_ppo_highway_fast,100000,2,formal,official_sb3_ppo_highway_fast (100k),142,24.718925857595035,0,1,25.025267859238458,30,2,0.6781185175611033,0.12585362855407312,6.349166123710895,27.656861934357405,61.16753870289724,27.656861934357405,5.143291960527053,10.057916217861637,5.143291960527053,0.05749469562433136,0.0,0.13027228028624677,4,115.44071734766611,533344.0676916199,-16.04237972697839,0.752358815768946,0.24764118423105436,0
official_sb3_ppo_highway_fast_steps100000_seed2,official_sb3_ppo_highway_fast,100000,2,formal,official_sb3_ppo_highway_fast (100k),143,22.417286240358195,0,1,20.522386206309452,30,0,4.845695729881489,0.9527608100527527,0.758648201850249,3.609160257311116,27.293342762386377,3.609160257311116,0.5817010497284956,1.3171716202056083,0.5817010497284956,0.005788771709901519,0.0,0.00014131963498008622,0,160.3557033132667,1000000.0,-20.522386206309452,0.8486544872468441,0.15134551275315616,0
official_sb3_ppo_highway_fast_steps100000_seed2,official_sb3_ppo_highway_fast,100000,2,formal,official_sb3_ppo_highway_fast (100k),144,22.420221169036346,0,1,20.525276461295416,30,0,2.352386574463166,0.47028207556079576,1.5835170494514714,5.350212825406581,32.24693137997952,5.350212825406581,1.5744025526418108,2.7932264403626568,1.5744025526418108,0.031780371269645856,0.0,0.0011732225932388836,0,160.38714413316873,1000000.0,-20.525276461295416,0.8486986657877342,0.1513013342122661,0
official_sb3_ppo_highway_fast_steps100000_seed2,official_sb3_ppo_highway_fast,100000,2,formal,official_sb3_ppo_highway_fast (100k),145,24.94811835840128,0,1,25.478425151912937,30,2,0.6987154906711585,0.15123998765523083,3.87236158130308,19.266965731870975,47.299936000529215,19.266965731870975,3.5551570035588638,9.221159785846087,3.5551570035588638,0.04190948687744665,0.0,0.07429777524975766,2,98.40039842684658,433345.87757018657,-14.471600536520965,0.7162401704968429,0.28375982950315753,0
official_sb3_ppo_highway_fast_steps100000_seed2,official_sb3_ppo_highway_fast,100000,2,formal,official_sb3_ppo_highway_fast (100k),146,12.933333333333335,1,0,25.0,17,0,0.8057566919268421,0.14129513797219487,3.00515346959312,16.010551439258577,42.58408176382265,16.010551439258577,3.3748377093794764,8.708711637692767,3.3748377093794764,0.10531576298964054,0.0,0.10962118315949518,4,89.29234178605694,647063.2961380159,-17.869256334804266,0.7019331748860127,0.2980668251139873,1
official_sb3_ppo_highway_fast_steps100000_seed2,official_sb3_ppo_highway_fast,100000,2,formal,official_sb3_ppo_highway_fast (100k),147,23.985599405906648,0,1,22.52527646129465,30,1,2.073108002601978,0.4377197203932928,2.2244385665666995,12.15993841453508,44.756646177930854,12.15993841453508,2.0373245018355366,3.1432508346587587,2.0373245018355366,0.0862460142375708,0.0,0.0,0,160.47559661697025,1000000.0,-22.52527646129465,0.8488210077053383,0.15117899229466197,0
official_sb3_ppo_highway_fast_steps100000_seed2,official_sb3_ppo_highway_fast,100000,2,formal,official_sb3_ppo_highway_fast (100k),148,12.286265552855163,1,0,22.609893364955365,16,0,2.7033567246937094,0.28563212276375605,2.034932707126854,8.231352549728742,29.910909556253518,8.231352549728742,1.5413265875252053,3.1143053495519184,1.5413265875252053,0.10626996245954211,0.0,0.002732407611398525,0,161.1109692178871,1000000.0,-22.609893364955365,0.8497776006245796,0.15022239937542048,1
official_sb3_ppo_highway_fast_steps100000_seed2,official_sb3_ppo_highway_fast,100000,2,formal,official_sb3_ppo_highway_fast (100k),149,18.220221169036336,1,0,23.29383886255924,23,0,3.63104196341293,0.24999999999999561,1.8534739833311753,10.8770250084829,34.73353369470583,10.8770250084829,1.3115849040491132,3.636304424659715,1.3115849040491132,0.0771877317233731,0.0,0.0,0,160.0,1000000.0,-23.29383886255924,0.8481288363433409,0.15187116365665929,1
official_sb3_ppo_highway_fast_steps100000_seed2,official_sb3_ppo_highway_fast,100000,2,formal,official_sb3_ppo_highway_fast (100k),150,24.153554502100846,0,1,22.69194312762605,30,0,2.5140546996477657,0.5796789028214723,1.6713671860807886,9.062448093215398,33.603297334152316,9.062448093215398,1.4810592146738928,2.6128337517581417,1.4810592146738928,0.042913797587585144,0.0,5.1622790120678535e-05,0,160.78507190644785,1000000.0,-22.69194312762605,0.8492269585863302,0.15077304141367007,0
official_sb3_ppo_highway_fast_steps100000_seed2,official_sb3_ppo_highway_fast,100000,2,formal,official_sb3_ppo_highway_fast (100k),151,2.4198705030285588,1,0,20.439711453283515,4,0,2.0090293558602323,0.31225325741085636,2.2574455693322517,4.873308997802263,12.197677071448362,4.873308997802263,2.05268721540024,3.2888661313612206,2.05268721540024,0.3079696557390859,0.0,0.0,0,160.0,1000000.0,-20.439711453283515,0.8481288363433407,0.1518711636566593,1
official_sb3_ppo_highway_fast_steps100000_seed2,official_sb3_ppo_highway_fast,100000,2,formal,official_sb3_ppo_highway_fast (100k),152,10.533333333333333,1,0,25.0,14,0,0.8488695226843614,0.1658918085121786,2.8777500646145406,13.942024887528024,36.58723615894161,13.942024887528024,2.832040394360476,7.896077551290511,2.832040394360476,0.11212867900475776,0.0,0.11818267828176243,3,78.13650293929697,285730.914153126,-10.724536463807377,0.6760434199811813,0.3239565800188186,1
official_sb3_ppo_highway_fast_steps100000_seed2,official_sb3_ppo_highway_fast,100000,2,formal,official_sb3_ppo_highway_fast (100k),153,24.252266072538056,0,1,22.858609794583913,30,1,1.8109403774420902,0.3714726962687316,2.499074465803906,11.566253179936226,40.11982779871565,11.566253179936226,2.3593268470664635,3.613626443703102,2.3593268470664635,0.07689754145735948,0.0,0.0,1,159.63539730374222,1000000.0,-22.858609794583913,0.8475391812186664,0.1524608187813338,0
official_sb3_ppo_highway_fast_steps100000_seed2,official_sb3_ppo_highway_fast,100000,2,formal,official_sb3_ppo_highway_fast (100k),154,23.884535534559582,0,1,22.355669418199476,30,0,2.4587021784898555,0.397550386861491,1.8402387354789593,11.167237782325378,44.61526704876058,11.167237782325378,1.5794160734055573,2.9231130397236735,1.5794160734055573,0.08022713774372664,0.0,0.0,0,160.0,1000000.0,-22.355669418199476,0.8481288363433409,0.15187116365665934,0
official_sb3_ppo_highway_fast_steps100000_seed2,official_sb3_ppo_highway_fast,100000,2,formal,official_sb3_ppo_highway_fast (100k),155,15.496055582093478,1,0,23.928266636653643,19,1,1.0760891519854754,0.21421748220711545,3.519445473558696,12.032897638477383,29.017215095069798,12.032897638477383,3.2664268084242964,6.189904162523063,3.2664268084242964,0.11698676508405534,0.0,0.0,2,159.2879733630422,1000000.0,-23.928266636653643,0.8469650567360592,0.15303494326394093,1
official_sb3_ppo_highway_fast_steps100000_seed2,official_sb3_ppo_highway_fast,100000,2,formal,official_sb3_ppo_highway_fast (100k),156,22.152931009801186,0,1,20.191943127962084,30,0,5.874303494321555,0.8705266574632197,0.3153401913209062,2.5339527738828354,26.124530928056764,2.5339527738828354,0.32210104428556746,1.339688557232127,0.32210104428556746,0.0019010506692859331,0.0,0.00022371862750442318,0,161.32453912998815,1000000.0,-20.191943127962084,0.8498567034772816,0.15014329652271863,0
official_sb3_ppo_highway_fast_steps100000_seed2,official_sb3_ppo_highway_fast,100000,2,formal,official_sb3_ppo_highway_fast (100k),157,22.686887835703008,0,1,20.85860979462875,30,0,1.5883510164500931,0.25258422341908926,2.4038158709515964,8.376783131607684,41.24453091094786,8.376783131607684,2.4303100092066363,4.546168748006278,2.4303100092066363,0.06771677726322074,0.0,0.0,2,160.0,1000000.0,-20.85860979462875,0.8481288363433409,0.15187116365665934,0
official_sb3_ppo_highway_fast_steps100000_seed2,official_sb3_ppo_highway_fast,100000,2,formal,official_sb3_ppo_highway_fast (100k),158,17.765378591649185,1,0,24.407729468599033,23,2,0.6093314446044491,0.10584750881539094,4.1160709144375085,24.56581592663368,62.61927036025533,24.56581592663368,3.6194843152362752,11.511964819787925,3.6194843152362752,0.05885860583128542,0.0,0.1805578361619711,6,83.2039846986852,391318.50650209625,-12.556537277528282,0.6835926621314008,0.3164073378685993,1
official_sb3_ppo_highway_fast_steps100000_seed2,official_sb3_ppo_highway_fast,100000,2,formal,official_sb3_ppo_highway_fast (100k),159,25.88684773854835,0,1,24.858559673185443,30,0,1.9382431787324406,0.38896047418892,2.089827175727864,10.742282936584393,36.71730554918828,10.742282936584393,2.0491035853922757,3.3967238103941138,2.0491035853922757,0.05967051881765366,0.0,0.0,1,160.0,1000000.0,-24.858559673185443,0.8481288363433409,0.15187116365665934,0
official_sb3_ppo_highway_fast_steps100000_seed2,official_sb3_ppo_highway_fast,100000,2,formal,official_sb3_ppo_highway_fast (100k),160,23.486265553124063,0,1,21.85860979462875,30,0,2.041682557338594,0.4143299150546212,2.0113196912534312,8.892820595076646,40.47642310521657,8.892820595076646,1.9389285548856114,3.187004499592586,1.9389285548856114,0.05952219675541757,0.0,0.0,0,160.0,1000000.0,-21.85860979462875,0.8481288363433409,0.15187116365665934,0
official_sb3_ppo_highway_fast_steps100000_seed2,official_sb3_ppo_highway_fast,100000,2,formal,official_sb3_ppo_highway_fast (100k),161,14.797110484621053,1,0,21.339684517458643,20,0,1.3785030596380807,0.27841245151057104,2.8180793194066047,7.470093087079522,29.597524403064668,7.470093087079522,2.6874373270260468,4.817012487653422,2.6874373270260468,0.0779538169742502,0.0,0.0,2,160.0,1000000.0,-21.339684517458643,0.8481288363433407,0.15187116365665929,1
official_sb3_ppo_highway_fast_steps100000_seed2,official_sb3_ppo_highway_fast,100000,2,formal,official_sb3_ppo_highway_fast (100k),162,23.352932219790645,0,1,21.69194312796198,30,0,2.882970337742479,0.7475383250256264,1.5718754181502355,6.922240218383512,31.192929921759106,6.922240218383512,1.2094983881134744,2.276618944652693,1.2094983881134744,0.030034762517619364,0.0,0.00033619874093958454,0,160.25862851053384,1000000.0,-21.69194312796198,0.8485157709795956,0.1514842290204047,0
official_sb3_ppo_highway_fast_steps100000_seed2,official_sb3_ppo_highway_fast,100000,2,formal,official_sb3_ppo_highway_fast (100k),163,24.68626555312407,0,1,23.35860979462875,30,0,2.7876762148218877,0.8056810399912522,1.8775653506103898,10.00160374754048,35.61680265005027,10.00160374754048,1.416409316884664,2.4061313959986723,1.416409316884664,0.05046315303697859,0.0,0.0,0,160.0,1000000.0,-23.35860979462875,0.8481288363433409,0.15187116365665934,0
official_sb3_ppo_highway_fast_steps100000_seed2,official_sb3_ppo_highway_fast,100000,2,formal,official_sb3_ppo_highway_fast (100k),164,23.464400628859234,0,1,21.83050078607404,30,0,3.6876187829647944,1.0407107855151025,1.2392579902169476,5.008682117798971,21.24789127463224,5.008682117798971,0.9021075753062948,1.8038097950681746,0.9021075753062948,0.011402863643128975,0.0,0.0,0,160.27102242547517,1000000.0,-21.83050078607404,0.8485336771034659,0.1514663228965344,0
official_sb3_ppo_highway_fast_steps100000_seed2,official_sb3_ppo_highway_fast,100000,2,formal,official_sb3_ppo_highway_fast (100k),165,13.953554502369665,1,0,20.734225991519082,19,0,2.9668837980938796,0.25112564302524576,1.7673580937651814,7.24077553731782,35.51488675536366,7.24077553731782,1.2663169183706946,3.45008502549929,1.2663169183706946,0.09408434855807618,0.0,0.0,0,160.0,1000000.0,-20.734225991519082,0.8481288363433407,0.15187116365665929,1
official_sb3_ppo_highway_fast_steps100000_seed2,official_sb3_ppo_highway_fast,100000,2,formal,official_sb3_ppo_highway_fast (100k),166,23.586425596640606,0,1,22.025276461295412,30,1,3.437691098156742,0.7898053361391324,1.2722807179545923,6.786702934983407,32.78409270868177,6.786702934983407,0.9241227271313912,1.9318449218618183,0.9241227271313912,0.020703601918126348,0.0,0.006054479157186403,0,159.55554634106906,1000000.0,-22.025276461295412,0.8473988871635557,0.15260111283644465,0
official_sb3_ppo_highway_fast_steps100000_seed2,official_sb3_ppo_highway_fast,100000,2,formal,official_sb3_ppo_highway_fast (100k),167,24.15355450236967,0,1,22.691943127962084,30,0,2.8702670749880514,0.8274146416052925,1.7532784334012186,7.816481359654049,33.4300466393812,7.816481359654049,1.3070488098248998,2.3255571349025086,1.3070488098248998,0.031446405497686784,0.0,0.0,0,160.0,1000000.0,-22.691943127962084,0.8481288363433409,0.15187116365665934,0
official_sb3_ppo_highway_fast_steps100000_seed2,official_sb3_ppo_highway_fast,100000,2,formal,official_sb3_ppo_highway_fast (100k),168,22.286887835702935,0,1,20.358609794628673,30,0,1.8789749573292298,0.5120070198434744,2.136876617583811,8.311117880757882,40.874239108366424,8.311117880757882,2.019407071332949,2.9968239784314012,2.019407071332949,0.06309867927499112,0.0,0.0008337559746274305,1,161.8406206187158,1000000.0,-20.358609794628673,0.8503742957667189,0.14962570423328136,0
official_sb3_ppo_highway_fast_steps100000_seed2,official_sb3_ppo_highway_fast,100000,2,formal,official_sb3_ppo_highway_fast (100k),169,24.55059322569011,0,1,23.188241532112635,30,0,3.2316490114510925,0.851392700008048,1.4170983274084896,9.344207919472058,26.847746852661274,9.344207919472058,1.0206678001006562,2.0477493331741363,1.0206678001006562,0.030655326733569,0.0,0.0,0,160.0,1000000.0,-23.188241532112635,0.8481288363433409,0.15187116365665934,0
official_sb3_ppo_highway_fast_steps100000_seed2,official_sb3_ppo_highway_fast,100000,2,formal,official_sb3_ppo_highway_fast (100k),170,11.95293220407493,1,0,23.78388625757336,15,0,2.2080595642597936,0.2686073387590811,2.821202894039376,11.372894543127002,32.40861231452692,11.372894543127002,2.2803172234716245,3.199599473027375,2.2803172234716245,0.15133994096943956,0.0,0.0,0,160.0,1000000.0,-23.78388625757336,0.8481288363433405,0.1518711636566593,1
official_sb3_ppo_highway_fast_steps100000_seed2,official_sb3_ppo_highway_fast,100000,2,formal,official_sb3_ppo_highway_fast (100k),171,14.620221169035721,1,0,22.292541780993066,19,0,3.6263131822421437,0.28479970828844675,2.0429862246486867,9.854022863376157,30.193899847164754,9.854022863376157,1.4379263982607875,3.290802804414697,1.4379263982607875,0.08512027205456986,0.0,0.0,0,160.0,1000000.0,-22.292541780993066,0.8481288363433408,0.15187116365665929,1
official_sb3_ppo_highway_fast_steps100000_seed2,official_sb3_ppo_highway_fast,100000,2,formal,official_sb3_ppo_highway_fast (100k),172,24.53009930262617,0,1,23.163402534144428,30,0,3.6805929057043594,0.8406464089262602,1.209983014185767,5.901718717586033,23.520517075716224,5.901718717586033,0.882590924618841,1.8258512805040275,0.882590924618841,0.015892567595781896,0.0,0.00023262132992015605,0,160.44770898372676,1000000.0,-23.163402534144428,0.8487827437306364,0.1512172562693639,0
official_sb3_ppo_highway_fast_steps100000_seed2,official_sb3_ppo_highway_fast,100000,2,formal,official_sb3_ppo_highway_fast (100k),173,24.28688096953249,0,1,22.858601211915605,30,0,4.43834413371704,1.2858476323829475,1.198839863595421,7.265588445827408,23.633838190845648,7.265588445827408,0.8751621575586104,1.531038973046244,0.8751621575586104,0.020781337462406315,0.0,0.0,0,160.0,1000000.0,-22.858601211915605,0.8481288363433409,0.15187116365665934,0
official_sb3_ppo_highway_fast_steps100000_seed2,official_sb3_ppo_highway_fast,100000,2,formal,official_sb3_ppo_highway_fast (100k),174,6.3999999999999995,1,0,23.644444444444446,9,0,0.44319797801265715,0.08480449076192144,5.396762708808794,17.82869947871621,35.70975817930102,17.82869947871621,6.463682053815557,13.66970977759747,6.463682053815557,0.2764534230912943,0.0,0.28638477333740525,3,100.72259490719875,1000000.0,-23.644444444444446,0.7313251676039239,0.2686748323960762,1
official_sb3_ppo_highway_fast_steps100000_seed2,official_sb3_ppo_highway_fast,100000,2,formal,official_sb3_ppo_highway_fast (100k),175,23.069329536663137,0,1,21.336661920828924,30,0,2.843014815056812,0.7189669419700454,1.5573603280907558,5.3978871943601545,29.041425220003955,5.3978871943601545,1.2275144408868355,2.306722080493112,1.2275144408868355,0.02161570488684918,0.0,0.0,0,160.0,1000000.0,-21.336661920828924,0.8481288363433409,0.1518711636566593,0
official_sb3_ppo_highway_fast_steps100000_seed2,official_sb3_ppo_highway_fast,100000,2,formal,official_sb3_ppo_highway_fast (100k),176,18.6458236791976,1,0,22.42414445547912,24,0,0.7376835831828118,0.23344631295982238,6.434796206046339,17.813520387104955,36.60769522965438,17.813520387104955,5.501937213508262,8.74182018879786,5.501937213508262,0.1424715926232611,0.0,0.00019854508478892922,4,161.31961453687293,1000000.0,-22.42414445547912,0.8500361295650031,0.14996387043499682,1
official_sb3_ppo_highway_fast_steps100000_seed2,official_sb3_ppo_highway_fast,100000,2,formal,official_sb3_ppo_highway_fast (100k),177,23.88688255520953,0,1,22.358603194011916,30,0,4.090006891891299,0.8656669511111943,0.8348188051763518,4.1505109432325265,23.84555001794721,4.1505109432325265,0.6591422605133685,1.7009546380824394,0.6591422605133685,0.00923571129467777,0.0,0.0,0,160.0,1000000.0,-22.358603194011916,0.8481288363433409,0.15187116365665934,0
official_sb3_ppo_highway_fast_steps100000_seed2,official_sb3_ppo_highway_fast,100000,2,formal,official_sb3_ppo_highway_fast (100k),178,13.753553701568341,1,0,23.25043658417806,19,0,0.1958365698330876,0.04667308781634347,10.539567525032385,31.600309188326285,73.95775956186044,31.600309188326285,8.722191241351236,18.31873698632659,8.722191241351236,0.07868363216961644,0.07612269739942949,0.22189286618793785,4,73.37151679441894,315797.2496114499,-10.057145849989258,0.6445402068733311,0.3554597931266688,1
official_sb3_ppo_highway_fast_steps100000_seed2,official_sb3_ppo_highway_fast,100000,2,formal,official_sb3_ppo_highway_fast (100k),179,22.420221169036346,0,1,20.525276461295416,30,0,2.5740383957724147,0.511903719208099,1.4254631803603974,9.431362737684625,51.3766584178757,9.431362737684625,1.3249210744727828,2.5736320553024448,1.3249210744727828,0.10020177663839976,0.0,0.0,0,160.0,1000000.0,-20.525276461295416,0.8481288363433409,0.1518711636566593,0
official_sb3_ppo_highway_fast_steps100000_seed2,official_sb3_ppo_highway_fast,100000,2,formal,official_sb3_ppo_highway_fast (100k),180,15.6868878336339,1,0,24.263068098825936,19,0,2.595828165131766,0.271178508659629,2.2227516757964167,10.987697268416884,31.809224380159193,10.987697268416884,1.7064311117476125,3.4419703135599633,1.7064311117476125,0.0995252457588327,0.0,0.0045398361192037365,0,160.42756032763467,1000000.0,-24.263068098825936,0.8487675251431458,0.15123247485685415,1
official_sb3_ppo_highway_fast_steps100000_seed2,official_sb3_ppo_highway_fast,100000,2,formal,official_sb3_ppo_highway_fast (100k),181,8.80262268103289,1,0,21.81549959688098,12,0,1.8765974504854088,0.2565165943512016,1.7535460449641618,8.568147452889136,26.985322165260886,8.568147452889136,1.5930785057396928,4.270904559361214,1.5930785057396928,0.17618547015543884,0.0,0.00029178801868116563,1,176.1838266134812,1000000.0,-21.81549959688098,0.8637873466698357,0.13621265333016422,1
official_sb3_ppo_highway_fast_steps100000_seed2,official_sb3_ppo_highway_fast,100000,2,formal,official_sb3_ppo_highway_fast (100k),182,26.819598886421513,0,1,26.02527646125056,30,0,2.839276183231812,0.7826546562678862,1.6927670789909839,9.801182055620037,27.985050403160905,9.801182055620037,1.299477652360743,2.341907392949411,1.299477652360743,0.03619662623511822,0.0,0.001638332115561767,0,161.40943296445528,966672.209483181,-25.280712349023094,0.8499473029565779,0.15005269704342225,0
official_sb3_ppo_highway_fast_steps100000_seed2,official_sb3_ppo_highway_fast,100000,2,formal,official_sb3_ppo_highway_fast (100k),183,23.85226607257394,0,1,22.35860979462875,30,1,2.0176449621890225,0.34629540282215016,2.449891554758101,15.389820208098325,65.3335275836043,15.389820208098325,2.198273204486037,3.240535886289816,2.198273204486037,0.13404915622227512,0.0,0.0,0,160.20661218167695,1000000.0,-22.35860979462875,0.8484399913102069,0.15156000868979344,0
official_sb3_ppo_highway_fast_steps100000_seed2,official_sb3_ppo_highway_fast,100000,2,formal,official_sb3_ppo_highway_fast (100k),184,14.96621230736839,1,0,25.264804086508214,19,2,0.4732573043783418,0.05125359069457318,4.827062051836554,19.365220717119858,56.42402035463593,19.365220717119858,4.271550725382887,12.005715043129046,4.271550725382887,0.12775025590030853,0.0,0.09662981855965931,4,109.75213181756295,684216.0888355185,-18.33668821584022,0.7485028348781779,0.2514971651218221,1
official_sb3_ppo_highway_fast_steps100000_seed2,official_sb3_ppo_highway_fast,100000,2,formal,official_sb3_ppo_highway_fast (100k),185,13.019598886421987,1,0,22.11754669644277,17,0,2.4949355271319686,0.257848683995474,2.779166153626733,11.211492763594347,34.77284091021267,11.211492763594347,2.1139033242977634,3.343252944570264,2.1139033242977634,0.1320051735724531,0.0,0.0,0,160.0,1000000.0,-22.11754669644277,0.8481288363433406,0.1518711636566593,1
official_sb3_ppo_highway_fast_steps100000_seed2,official_sb3_ppo_highway_fast,100000,2,formal,official_sb3_ppo_highway_fast (100k),186,24.019558078513413,0,1,22.525225451365436,30,0,3.1306154167678057,0.7238189574001023,1.3066318535568318,6.557687391849255,32.113309240152375,6.557687391849255,1.0054007682923305,2.1310465669967167,1.0054007682923305,0.025419174982516012,0.0,0.0,0,160.0,1000000.0,-22.525225451365436,0.8481288363433409,0.15187116365665934,0
official_sb3_ppo_highway_fast_steps100000_seed2,official_sb3_ppo_highway_fast,100000,2,formal,official_sb3_ppo_highway_fast (100k),187,23.485868977828037,0,1,21.858114628146748,30,0,1.6707782865538914,0.30580259627456596,2.74005791634437,9.454254891797355,32.38325778721917,9.454254891797355,2.585527428446037,3.9169688374298173,2.585527428446037,0.05612365388102754,0.0,0.0,2,160.0,1000000.0,-21.858114628146748,0.8481288363433409,0.15187116365665934,0
official_sb3_ppo_highway_fast_steps100000_seed2,official_sb3_ppo_highway_fast,100000,2,formal,official_sb3_ppo_highway_fast (100k),188,25.318925873065364,0,1,24.19193454524304,30,1,3.3293867366351546,0.7765380130525178,1.133517747538462,6.441008954758582,25.51592602211143,6.441008954758582,0.8954525864242613,2.034575268619058,0.8954525864242613,0.019539516326542637,0.0,0.0,0,159.66944663796318,1000000.0,-24.19193454524304,0.8475964822258623,0.15240351777413796,0
official_sb3_ppo_highway_fast_steps100000_seed2,official_sb3_ppo_highway_fast,100000,2,formal,official_sb3_ppo_highway_fast (100k),189,24.11893272355644,0,1,24.191943108356877,30,2,0.05087410796810828,0.01011919862920422,48.872270859343956,24.65991232778836,75.05782914181461,24.65991232778836,7.237588672260723,24.177743766558244,7.237588672260723,0.05279713579666585,0.0,0.12165461456783157,3,116.14322708511487,733339.2008879946,-18.839097143387296,0.7587868904580356,0.2412131095419648,0
official_sb3_ppo_highway_fast_steps100000_seed2,official_sb3_ppo_highway_fast,100000,2,formal,official_sb3_ppo_highway_fast (100k),190,22.686887835703008,0,1,20.85860979462875,30,0,4.429079382630299,1.1525109684894475,0.9037451539968914,3.497215844760629,23.511309854137185,3.497215844760629,0.6784323511595907,1.5209820515867087,0.6784323511595907,0.0045238045064846496,0.0,0.0012148803766334243,0,160.1932145927627,1000000.0,-20.85860979462875,0.8484203079957305,0.1515796920042698,0
official_sb3_ppo_highway_fast_steps100000_seed2,official_sb3_ppo_highway_fast,100000,2,formal,official_sb3_ppo_highway_fast (100k),191,21.28626555312407,1,0,22.553714586624537,27,0,2.95477114067915,0.2584536479228688,1.6844743322364948,10.013869903060849,42.18717672275618,10.013869903060849,1.223326507676341,3.4120256859823295,1.223326507676341,0.07635678020474236,0.0,0.0,0,160.0,1000000.0,-22.553714586624537,0.8481288363433408,0.1518711636566593,1
official_sb3_ppo_highway_fast_steps100000_seed2,official_sb3_ppo_highway_fast,100000,2,formal,official_sb3_ppo_highway_fast (100k),192,23.753554502369674,0,1,22.191943127962084,30,0,4.090340995227885,0.747649491202594,1.3062027157069596,6.177468479570894,28.426457860550133,6.177468479570894,0.946737392299636,1.6718038433150626,0.946737392299636,0.02175538277773099,0.0,0.0,0,160.0,1000000.0,-22.191943127962084,0.8481288363433409,0.15187116365665934,0
official_sb3_ppo_highway_fast_steps100000_seed2,official_sb3_ppo_highway_fast,100000,2,formal,official_sb3_ppo_highway_fast (100k),193,25.318932739204783,0,1,24.191943127917327,30,1,3.16017191470681,0.8366205279595416,1.399726400689928,7.39624761361077,26.323768648735594,7.39624761361077,1.0350998276891372,2.110355332022299,1.0350998276891372,0.02266695994776085,0.0,0.00043267053848677683,0,161.6200258139258,1000000.0,-24.191943127917327,0.8503140937415091,0.14968590625849118,0
official_sb3_ppo_highway_fast_steps100000_seed2,official_sb3_ppo_highway_fast,100000,2,formal,official_sb3_ppo_highway_fast (100k),194,23.71893134553466,0,1,24.025276329476267,30,2,0.3480195340689658,0.08494447322550513,8.766735384166827,27.2047104143321,71.66345011943854,27.2047104143321,6.94494848956987,16.308762810640275,6.94494848956987,0.013632686459734021,0.0,0.1740544200223822,4,102.17145142484887,600010.3104383142,-16.35044753745579,0.7277940024264953,0.2722059975735051,0
official_sb3_ppo_highway_fast_steps100000_seed2,official_sb3_ppo_highway_fast,100000,2,formal,official_sb3_ppo_highway_fast (100k),195,10.820215769445973,1,0,22.754167466786896,14,0,2.437049960648828,0.32108618972918485,1.7319748672549142,7.850727955506117,23.275480267896704,7.850727955506117,1.2305854933316058,3.3209547434922233,1.2305854933316058,0.09760994827416437,0.0,0.0,0,160.0,1000000.0,-22.754167466786896,0.8481288363433406,0.15187116365665929,1
official_sb3_ppo_highway_fast_steps100000_seed2,official_sb3_ppo_highway_fast,100000,2,formal,official_sb3_ppo_highway_fast (100k),196,23.486264343145983,0,1,21.85860979462875,30,0,1.9668060804408563,0.6970006869340761,2.2522683534646224,6.665329880322139,23.159063292851375,6.665329880322139,2.1110136200303273,3.0734605236413475,2.1110136200303273,0.023355733417089856,0.0,0.002845039056207628,1,161.4739258406859,1000000.0,-21.85860979462875,0.8501690928115406,0.14983090718845973,0
official_sb3_ppo_highway_fast_steps100000_seed2,official_sb3_ppo_highway_fast,100000,2,formal,official_sb3_ppo_highway_fast (100k),197,1.6836014791399825,1,0,18.68275567748819,3,0,1.074941342318711,0.3457129835570512,3.0903922472440426,7.0109375759982555,11.701519289380784,7.0109375759982555,3.1037667277180105,5.185762552329294,3.1037667277180105,0.5682028418615265,0.0,0.0,3,167.1943512441173,1000000.0,-18.68275567748819,0.858755046658587,0.141244953341413,1
official_sb3_ppo_highway_fast_steps100000_seed2,official_sb3_ppo_highway_fast,100000,2,formal,official_sb3_ppo_highway_fast (100k),198,23.715499760709015,0,1,24.14515712309072,30,2,0.4477190077480282,0.10075562992909454,6.283017515482996,27.584822193819075,68.3601427774006,27.584822193819075,5.265930143026056,14.12191723798746,5.265930143026056,0.050877273705284096,0.0,0.1295046976192472,4,83.32638466709867,266684.4152721152,-9.895956524532375,0.6844326509126601,0.3155673490873401,0
official_sb3_ppo_highway_fast_steps100000_seed2,official_sb3_ppo_highway_fast,100000,2,formal,official_sb3_ppo_highway_fast (100k),199,14.400000000000004,1,0,24.357894736842105,19,0,0.2049714018626944,0.037233305752201885,11.077839455746203,20.81828494235553,53.69079455173009,20.81828494235553,8.49421864164351,19.085070035842325,8.49421864164351,0.10654608813474581,0.0016756953118804733,0.15737855253087057,3,77.00488740262242,263183.64329982124,-9.568690558186207,0.6671468640738405,0.33285313592615945,1
