run_name,method,steps,seed,stage,method_label,episode,reward,collision,success,avg_speed,episode_length,lane_change_count,ttc_min,thw_min,drac_max,risk_exposure,risk_score_max,near_miss_count,target_gap_size,target_rear_distance,target_rear_relative_speed,p_yield,p_block,collision_flag
official_sb3_dqn_highway_fast_steps100000_seed1,official_sb3_dqn_highway_fast,100000,1,formal,official_sb3_dqn_highway_fast (100k),0,28.22796693219904,0,1,28.833275610829507,30,10,0.08535284744603863,0.03281971246772694,66.11819322488815,122.03193916990266,24.195799332032692,10,110.07100017616766,466687.50686585705,-17.82555994967227,0.7427926515818798,0.2572073484181204,0
official_sb3_dqn_highway_fast_steps100000_seed1,official_sb3_dqn_highway_fast,100000,1,formal,official_sb3_dqn_highway_fast (100k),1,29.295709701019284,0,1,29.666228334156944,30,8,0.38278839616927235,0.126052909650385,12.904066891521353,100.5314669420488,15.147424591294783,10,128.05260774615422,600018.8587484814,-21.343328089311356,0.7811226626249166,0.21887733737508358,0
official_sb3_dqn_highway_fast_steps100000_seed1,official_sb3_dqn_highway_fast,100000,1,formal,official_sb3_dqn_highway_fast (100k),2,12.82972623205737,1,0,28.699593929386733,14,2,1.253766964884469,0.29596004247496854,3.5771125756422006,32.868745252950376,4.961570494441565,3,145.78854396601022,785720.1169766721,-24.19000175531368,0.8197887652674709,0.1802112347325289,1
official_sb3_dqn_highway_fast_steps100000_seed1,official_sb3_dqn_highway_fast,100000,1,formal,official_sb3_dqn_highway_fast (100k),3,26.750394873012446,0,1,26.525276458708536,30,6,0.6231367686463595,0.2345939168712443,9.062358733939437,56.085351885119096,10.679208072110058,3,131.8870809999079,766670.2530298381,-21.71688364670306,0.7891400726030073,0.21085992739699308,0
official_sb3_dqn_highway_fast_steps100000_seed1,official_sb3_dqn_highway_fast,100000,1,formal,official_sb3_dqn_highway_fast (100k),4,28.350426261461806,0,1,28.358228052097864,30,6,0.7252943851243212,0.2384885118187524,6.800331622477848,62.8683983929011,8.973862815274593,4,137.9846863352822,733340.5733163588,-22.810407985478832,0.803668475886541,0.1963315241134593,0
official_sb3_dqn_highway_fast_steps100000_seed1,official_sb3_dqn_highway_fast,100000,1,formal,official_sb3_dqn_highway_fast (100k),5,26.298733195106202,0,1,25.667054746214877,30,3,0.03682059881593485,0.011029578597013643,119.39866175978754,72.6163970398616,24.20345672307527,4,143.81766292039228,900004.4163488485,-23.656315829150135,0.8148608084186315,0.18513919158136877,0
official_sb3_dqn_highway_fast_steps100000_seed1,official_sb3_dqn_highway_fast,100000,1,formal,official_sb3_dqn_highway_fast (100k),6,5.650541071820655,1,0,24.862965289134845,7,1,1.2482611586899954,0.2444557232738111,4.153751833075663,21.46146229330323,4.961454106182628,3,149.4381513647863,1000000.0,-24.862965289134845,0.8265315233197094,0.1734684766802906,1
official_sb3_dqn_highway_fast_steps100000_seed1,official_sb3_dqn_highway_fast,100000,1,formal,official_sb3_dqn_highway_fast (100k),7,19.68406829076361,1,0,26.782535254186048,23,7,0.215692001272329,0.04983157681366143,24.422592856016436,103.71983764271137,18.81511820955444,8,99.29965275134039,304371.6887625238,-12.42913442920473,0.6732561426772318,0.3267438573227682,1
official_sb3_dqn_highway_fast_steps100000_seed1,official_sb3_dqn_highway_fast,100000,1,formal,official_sb3_dqn_highway_fast (100k),8,25.883461317849616,0,1,25.358609794628055,30,7,0.21385290934359769,0.08128695987590974,26.66001711730126,79.96301566493072,18.849512947898752,6,151.75607150294994,833345.4492703521,-22.205486918456085,0.8295168106687572,0.17048318933124323,0
official_sb3_dqn_highway_fast_steps100000_seed1,official_sb3_dqn_highway_fast,100000,1,formal,official_sb3_dqn_highway_fast (100k),9,27.881290808039978,0,1,28.358551070827463,30,11,0.020668519679909663,0.006995571044137985,245.63645359813682,116.17314666353866,24.177799873303453,11,123.75034818314047,566674.4877969454,-19.430785068084113,0.7558711602674243,0.24412883973257596,0
official_sb3_dqn_highway_fast_steps100000_seed1,official_sb3_dqn_highway_fast,100000,1,formal,official_sb3_dqn_highway_fast (100k),10,29.241707323193875,0,1,29.974723538704584,30,10,0.40205612778713673,0.1315093732208904,12.20322416772494,98.97613200352988,14.792305380718947,9,118.8018976840802,533350.3560834432,-20.23872543628788,0.7630485751446648,0.2369514248553354,0
official_sb3_dqn_highway_fast_steps100000_seed1,official_sb3_dqn_highway_fast,100000,1,formal,official_sb3_dqn_highway_fast (100k),11,24.76051819416054,1,0,28.9268518986074,27,8,0.1894093472725253,0.058427264479464336,23.90204018872916,129.52741083951696,19.476277164772817,11,101.67053415394709,444464.1506724678,-17.636879205053933,0.7127096309555527,0.28729036904444716,1
official_sb3_dqn_highway_fast_steps100000_seed1,official_sb3_dqn_highway_fast,100000,1,formal,official_sb3_dqn_highway_fast (100k),12,28.495388200111456,0,1,28.999561667786086,30,8,0.2675007939009797,0.08723565557953848,18.286689378947354,90.56438729012352,17.91674021440071,5,116.37476422847277,500020.8543290171,-18.577599499082616,0.7574231923741607,0.24257680762583939,0
official_sb3_dqn_highway_fast_steps100000_seed1,official_sb3_dqn_highway_fast,100000,1,formal,official_sb3_dqn_highway_fast (100k),13,28.747564526104632,0,1,29.021509541290605,30,6,0.28491518221979456,0.06683487538284891,10.56263194638882,72.26557206174417,17.65589633366132,4,136.7117251379578,666682.5917780879,-21.82323895484867,0.8025239117825509,0.19747608821744947,0
official_sb3_dqn_highway_fast_steps100000_seed1,official_sb3_dqn_highway_fast,100000,1,formal,official_sb3_dqn_highway_fast (100k),14,25.51831850021428,0,1,24.858609794628745,30,4,0.8235823380100649,0.23947369254949682,5.295841410850303,69.58260218229631,7.904985946553958,4,142.7687962975773,833340.108940492,-21.352387228139573,0.8127512016142251,0.1872487983857752,0
official_sb3_dqn_highway_fast_steps100000_seed1,official_sb3_dqn_highway_fast,100000,1,formal,official_sb3_dqn_highway_fast (100k),15,28.90953345197992,0,1,29.64182093652464,30,8,0.3208517908572323,0.09908972200377106,14.438129529288197,91.848705793564,17.29644752114655,9,117.40467181423251,533350.7469976139,-19.82625384841473,0.7608542674913742,0.239145732508626,0
official_sb3_dqn_highway_fast_steps100000_seed1,official_sb3_dqn_highway_fast,100000,1,formal,official_sb3_dqn_highway_fast (100k),16,26.95029401878085,0,1,26.858609794288082,30,6,0.5475020184076782,0.19980242725123795,9.998171218133571,83.32056773984036,12.050384115031438,7,128.23293819332872,633345.1040501931,-19.151743011074373,0.7821458874473673,0.21785411255263296,0
official_sb3_dqn_highway_fast_steps100000_seed1,official_sb3_dqn_highway_fast,100000,1,formal,official_sb3_dqn_highway_fast (100k),17,25.282368579479677,0,1,24.522005596599357,30,4,0.47183959419826266,0.15633500069769707,10.533159627596905,61.20548592464402,13.412357408273001,3,146.87094940307887,800005.3322648227,-20.39731122064409,0.8224575414236033,0.177542458576397,0
official_sb3_dqn_highway_fast_steps100000_seed1,official_sb3_dqn_highway_fast,100000,1,formal,official_sb3_dqn_highway_fast (100k),18,22.628357072908667,1,0,27.713960232181407,25,6,0.8398644337718486,0.2438347616840282,6.147741346052979,54.654636348010065,7.877530115659599,6,135.6827818024166,720009.4370882282,-21.958712567232737,0.7916402532503746,0.2083597467496254,1
official_sb3_dqn_highway_fast_steps100000_seed1,official_sb3_dqn_highway_fast,100000,1,formal,official_sb3_dqn_highway_fast (100k),19,23.653082202977913,0,1,23.35860979462875,30,2,0.7237645668213211,0.15170279222781088,3.715344827615137,68.84243174031907,9.0648869103315,1,104.55918635049575,300021.8831212379,-9.457257445670868,0.7327442125442689,0.26725578745573114,0
official_sb3_dqn_highway_fast_steps100000_seed1,official_sb3_dqn_highway_fast,100000,1,formal,official_sb3_dqn_highway_fast (100k),20,17.919290989909396,1,0,25.250360601637073,23,2,0.34207685652446645,0.004328441615609215,18.243860573912407,152.82550256121382,14.712897210628038,8,68.84704490326929,217429.31166751642,-10.34391855840971,0.6491030147665533,0.35089698523344665,1
official_sb3_dqn_highway_fast_steps100000_seed1,official_sb3_dqn_highway_fast,100000,1,formal,official_sb3_dqn_highway_fast (100k),21,21.582152142829273,1,0,23.38663862670951,27,3,0.7901909123391405,0.21847921429153416,5.118166563955144,54.80397653319749,8.096528041702953,1,142.5099808058896,777781.7890622278,-18.67347330076695,0.7821599414250568,0.21784005857494332,1
official_sb3_dqn_highway_fast_steps100000_seed1,official_sb3_dqn_highway_fast,100000,1,formal,official_sb3_dqn_highway_fast (100k),22,28.876784298558952,0,1,29.64139020537125,30,6,0.21886237272303294,0.06700614260309598,20.982811057664748,108.89101291148208,18.75675526195797,8,115.1551293877786,600015.7515321106,-21.26989681034174,0.7550447006074101,0.24495529939259003,0
official_sb3_dqn_highway_fast_steps100000_seed1,official_sb3_dqn_highway_fast,100000,1,formal,official_sb3_dqn_highway_fast (100k),23,27.10926536012552,0,1,27.641390337195617,30,9,0.12724333296903723,0.037725011521074055,34.183158059756956,107.80692890508335,22.00913679394615,9,112.61747695160247,366691.9562087713,-14.324259254290004,0.7494423974659858,0.25055760253401416,0
official_sb3_dqn_highway_fast_steps100000_seed1,official_sb3_dqn_highway_fast,100000,1,formal,official_sb3_dqn_highway_fast (100k),24,27.974657637547843,0,1,28.14139033715076,30,9,0.48058213328509214,0.10416923976298066,5.492248190618496,76.90868041840886,13.272599338932567,6,121.21951656921668,633345.3818679639,-20.68991415455243,0.7663083658584434,0.23369163414155683,0
official_sb3_dqn_highway_fast_steps100000_seed1,official_sb3_dqn_highway_fast,100000,1,formal,official_sb3_dqn_highway_fast (100k),25,28.176704202946176,0,1,28.30805687203792,30,6,1.605902069458923,0.322076728193653,3.049289002009692,62.78220019180092,4.072926830805264,5,136.4836404425094,633348.7526066505,-21.284222021697122,0.8007712348791827,0.1992287651208177,0
official_sb3_dqn_highway_fast_steps100000_seed1,official_sb3_dqn_highway_fast,100000,1,formal,official_sb3_dqn_highway_fast (100k),26,1.946334030134951,1,0,23.839726389194663,3,2,0.5470162945424792,0.18333907740203492,9.164077108032009,13.769948603556736,11.80365676110802,1,177.6986885927951,1000000.0,-23.839726389194663,0.8621149569701932,0.1378850430298069,1
official_sb3_dqn_highway_fast_steps100000_seed1,official_sb3_dqn_highway_fast,100000,1,formal,official_sb3_dqn_highway_fast (100k),27,28.406960371488402,0,1,29.308056891342083,30,13,0.10299015772267714,0.03330986061544843,47.10560955056587,119.40304226937104,23.923236329148743,10,113.05252748178376,500019.01364496787,-18.934813236398718,0.7507738660842452,0.2492261339157548,0
official_sb3_dqn_highway_fast_steps100000_seed1,official_sb3_dqn_highway_fast,100000,1,formal,official_sb3_dqn_highway_fast (100k),28,26.05212369505244,0,1,26.02527646103325,30,3,0.8840448221270849,0.30300186398761103,5.8155124470454975,55.33179567059633,7.4798444463916045,3,102.52534751258109,366699.86743515724,-13.117608268490326,0.7219284820728566,0.27807151792714324,0
official_sb3_dqn_highway_fast_steps100000_seed1,official_sb3_dqn_highway_fast,100000,1,formal,official_sb3_dqn_highway_fast (100k),29,22.597599328158694,0,1,22.000438332505187,30,16,1.1818108481658294,0.38673960908387284,5.297073439119726,49.81919972303568,5.714620564126459,2,116.35713406181398,800012.7057240013,-18.120063149617657,0.7617514479770159,0.23824855202298412,0
official_sb3_dqn_highway_fast_steps100000_seed1,official_sb3_dqn_highway_fast,100000,1,formal,official_sb3_dqn_highway_fast (100k),30,26.444557151603977,1,0,29.450060934326338,28,5,0.6260385096140251,0.1801605849109289,9.92538528829775,84.12204360112057,10.563364400239971,8,114.8544981040728,571439.8025235883,-21.174519287810398,0.7538264123663991,0.24617358763360106,1
official_sb3_dqn_highway_fast_steps100000_seed1,official_sb3_dqn_highway_fast,100000,1,formal,official_sb3_dqn_highway_fast (100k),31,27.113905885355166,0,1,26.978490456123033,30,6,0.014432441233437447,0.004302397546512891,302.1335268650537,116.43478037463748,24.17654185338224,7,128.6738368204755,700014.4245811623,-20.84168692056007,0.7812814220076371,0.21871857799236294,0
official_sb3_dqn_highway_fast_steps100000_seed1,official_sb3_dqn_highway_fast,100000,1,formal,official_sb3_dqn_highway_fast (100k),32,29.710293672493204,0,1,29.974723538704584,30,6,0.3710079965386262,0.11425080575586058,12.450419655681065,84.74207568651076,15.881620722118006,6,140.37897907167886,733345.2833425152,-24.275941674754666,0.8077966558727138,0.19220334412728643,0
official_sb3_dqn_highway_fast_steps100000_seed1,official_sb3_dqn_highway_fast,100000,1,formal,official_sb3_dqn_highway_fast (100k),33,9.419256934215722,1,0,24.46319653751056,12,3,1.1295156581105845,0.29012444450716673,3.51288223157024,33.141842283030904,5.548381946294152,3,126.7306978164471,750005.2897501575,-19.74222049140384,0.770596390436876,0.22940360956312392,1
official_sb3_dqn_highway_fast_steps100000_seed1,official_sb3_dqn_highway_fast,100000,1,formal,official_sb3_dqn_highway_fast (100k),34,29.108089547282034,0,1,29.474724522347337,30,9,0.2742422413635873,0.09063548318499952,18.07664992369457,87.66397291424994,17.820963544274548,6,129.08299833895165,633344.9746137529,-21.8459843603607,0.7827017160960764,0.21729828390392372,0
official_sb3_dqn_highway_fast_steps100000_seed1,official_sb3_dqn_highway_fast,100000,1,formal,official_sb3_dqn_highway_fast (100k),35,11.879778830963739,1,0,29.94166970470309,13,0,0.44534514191596475,0.1666666666667624,12.605107981042908,64.74733446815021,13.250122889866358,8,89.34999881334842,384631.5048483873,-17.005899710233038,0.6915458067835866,0.30845419321641343,1
official_sb3_dqn_highway_fast_steps100000_seed1,official_sb3_dqn_highway_fast,100000,1,formal,official_sb3_dqn_highway_fast (100k),36,26.384860934775304,0,1,26.025276460954746,30,4,1.3334225427662485,0.2493597509518298,2.820541788748397,54.70541846486086,5.219560217547324,2,138.2071891308041,833336.2857382821,-22.793833174879126,0.8024774972975464,0.197522502702454,0
official_sb3_dqn_highway_fast_steps100000_seed1,official_sb3_dqn_highway_fast,100000,1,formal,official_sb3_dqn_highway_fast (100k),37,8.812027563502019,1,0,27.960170612681775,10,2,0.9071267758660887,0.28859855360350106,5.26077139481918,25.289240595551906,7.133046830506924,3,153.0578921774369,900000.674691505,-25.88380516635392,0.8020898898759701,0.19791011012402987,1
official_sb3_dqn_highway_fast_steps100000_seed1,official_sb3_dqn_highway_fast,100000,1,formal,official_sb3_dqn_highway_fast (100k),38,28.208403698142845,0,1,28.80806445828165,30,9,0.17967014646460958,0.05564663221476922,29.68553424835641,101.06820064448846,19.778436500629525,7,115.27810604830216,466684.6676282419,-17.776709553683357,0.7543648014295113,0.24563519857048888,0
official_sb3_dqn_highway_fast_steps100000_seed1,official_sb3_dqn_highway_fast,100000,1,formal,official_sb3_dqn_highway_fast (100k),39,28.90916018484384,0,1,29.64139020537125,30,8,0.8025344409342763,0.24527171935158473,6.1259497801143095,91.31139565352413,8.097007001056804,10,111.89709466455497,466685.37192093435,-18.604466971874544,0.749424895548242,0.25057510445175796,0
official_sb3_dqn_highway_fast_steps100000_seed1,official_sb3_dqn_highway_fast,100000,1,formal,official_sb3_dqn_highway_fast (100k),40,25.118804660299244,0,1,24.19194312796208,30,3,1.3308119192327017,0.46613471347585644,3.947929013265123,43.92925291731182,4.938606030466746,1,146.4387054995467,900003.4559907427,-22.10411716862271,0.821577032108056,0.17842296789194437,0
official_sb3_dqn_highway_fast_steps100000_seed1,official_sb3_dqn_highway_fast,100000,1,formal,official_sb3_dqn_highway_fast (100k),41,26.05069310289689,0,1,26.02527646128959,30,6,0.010121463793638744,0.003433088789799063,502.6772904786127,98.1640982164888,24.177938998371726,6,131.02367351813746,800006.1552830773,-21.956517214169747,0.7878861881005531,0.21211381189944725,0
official_sb3_dqn_highway_fast_steps100000_seed1,official_sb3_dqn_highway_fast,100000,1,formal,official_sb3_dqn_highway_fast (100k),42,7.696402797184167,1,0,27.538885906586927,9,3,0.7788190338777554,0.20266093096001117,5.011731560296449,33.14292564686731,8.408774406113144,4,120.37281746381967,666673.7331439602,-20.491173680659404,0.7595631184413464,0.24043688155865361,1
official_sb3_dqn_highway_fast_steps100000_seed1,official_sb3_dqn_highway_fast,100000,1,formal,official_sb3_dqn_highway_fast (100k),43,6.04644560308565,1,0,27.80024345458466,7,0,0.6340925471065623,0.28481967853899637,10.625651703922593,21.733281278189818,10.480537127380064,2,160.0,1000000.0,-27.80024345458466,0.8481288363433406,0.15187116365665934,1
official_sb3_dqn_highway_fast_steps100000_seed1,official_sb3_dqn_highway_fast,100000,1,formal,official_sb3_dqn_highway_fast (100k),44,22.852186607409767,0,1,22.85860979462875,30,2,0.5954428678310758,0.02594582238958127,4.146346222111131,109.1817921752405,11.793989730525023,5,84.76818243645063,366685.8000288932,-10.36487984208787,0.6822653752777996,0.3177346247222003,0
official_sb3_dqn_highway_fast_steps100000_seed1,official_sb3_dqn_highway_fast,100000,1,formal,official_sb3_dqn_highway_fast (100k),45,29.476016326338428,0,1,29.974723538704584,30,8,0.5043268235482283,0.17015413918729413,10.034821283418532,87.09153486462023,12.860642178015949,7,128.66959684719194,700006.6417476218,-23.870616639509425,0.7843203619364147,0.2156796380635853,0
official_sb3_dqn_highway_fast_steps100000_seed1,official_sb3_dqn_highway_fast,100000,1,formal,official_sb3_dqn_highway_fast (100k),46,10.511523727369578,1,0,28.299665995050972,12,5,0.8824877593072533,0.2683813118227849,5.578422668923187,40.9374438485753,7.313685590377146,5,118.3476392769593,750003.3643379722,-23.438687596067556,0.7516242057498624,0.24837579425013764,1
official_sb3_dqn_highway_fast_steps100000_seed1,official_sb3_dqn_highway_fast,100000,1,formal,official_sb3_dqn_highway_fast (100k),47,6.579306734407149,1,0,28.075213237565308,8,2,0.049007669991662735,0.01688115712581139,105.39015253080454,50.941050093910725,24.173664397213003,4,79.18471265066391,375013.2622583461,-17.28091345697344,0.6769525320982741,0.3230474679017258,1
official_sb3_dqn_highway_fast_steps100000_seed1,official_sb3_dqn_highway_fast,100000,1,formal,official_sb3_dqn_highway_fast (100k),48,25.916070595339598,0,1,25.858609794622843,30,9,0.012206325988134897,0.004570020564127597,460.0864942793314,97.95295768660267,24.200264868046798,4,119.585014015484,600021.3220017946,-17.86389826702432,0.7620892062131213,0.23791079378687874,0
official_sb3_dqn_highway_fast_steps100000_seed1,official_sb3_dqn_highway_fast,100000,1,formal,official_sb3_dqn_highway_fast (100k),49,29.23016825505339,0,1,29.49956166749028,30,6,0.4085478735554553,0.09594374763847927,7.374472460606292,74.05125096993491,15.039978164699708,5,135.67116942370475,700014.281591581,-23.158127407013247,0.799273867621283,0.20072613237871734,0
official_sb3_dqn_highway_fast_steps100000_seed1,official_sb3_dqn_highway_fast,100000,1,formal,official_sb3_dqn_highway_fast (100k),50,26.446947702980967,0,1,26.145157125370755,30,5,0.07588269455797757,0.020114401477507017,43.68475956288663,76.95031184606783,24.193815925628044,4,136.812737105371,800005.9610872276,-21.972151170199684,0.8007042645700646,0.19929573542993584,0
official_sb3_dqn_highway_fast_steps100000_seed1,official_sb3_dqn_highway_fast,100000,1,formal,official_sb3_dqn_highway_fast (100k),51,25.71217936333429,0,1,24.80805702121596,30,2,0.419594859047156,0.12824646822778352,10.92167506514685,66.5287952372118,14.789116355028982,3,149.8100835488532,866674.683965035,-22.024291873346247,0.8270779792011705,0.1729220207988295,0
official_sb3_dqn_highway_fast_steps100000_seed1,official_sb3_dqn_highway_fast,100000,1,formal,official_sb3_dqn_highway_fast (100k),52,27.044404922703468,0,1,27.641390339476235,30,4,0.40122838098133723,0.13086371240746592,12.193456148173851,83.52445560912837,14.789136962044461,7,111.17330973979587,366689.00109602965,-14.288693780609455,0.736333319791311,0.2636666802086893,0
official_sb3_dqn_highway_fast_steps100000_seed1,official_sb3_dqn_highway_fast,100000,1,formal,official_sb3_dqn_highway_fast (100k),53,23.285951208141814,0,1,23.19194312795628,30,4,0.4289181811191668,0.13111119400834031,10.424586381877235,63.64251572897391,14.610006852236303,3,97.67841338453286,500004.0284373359,-13.10175458175233,0.7136321776934136,0.2863678223065864,0
official_sb3_dqn_highway_fast_steps100000_seed1,official_sb3_dqn_highway_fast,100000,1,formal,official_sb3_dqn_highway_fast (100k),54,28.974900515939588,0,1,29.474723538704584,30,10,0.42321980350964516,0.12486783989815618,10.430823567329277,105.49183973503321,14.97651874077082,10,125.73192521772735,600015.5578484049,-21.256358529136733,0.7764830554555622,0.2235169445444379,0
official_sb3_dqn_highway_fast_steps100000_seed1,official_sb3_dqn_highway_fast,100000,1,formal,official_sb3_dqn_highway_fast (100k),55,10.66353168334436,1,0,28.154164432793635,12,2,0.06474645671354937,0.029402366493623135,105.20097501323005,69.23326500099225,24.176926359682707,6,115.05313172392789,833336.7863231841,-24.684038570564084,0.7395838816927721,0.26041611830722794,1
official_sb3_dqn_highway_fast_steps100000_seed1,official_sb3_dqn_highway_fast,100000,1,formal,official_sb3_dqn_highway_fast (100k),56,28.30886620522662,0,1,28.974723668237793,30,8,0.10323586632532565,0.03739755222328562,52.63448241871059,145.7616939521002,23.863171226371026,13,116.58134744793382,600017.4526095302,-20.749414510729256,0.7597041326149667,0.24029586738503342,0
official_sb3_dqn_highway_fast_steps100000_seed1,official_sb3_dqn_highway_fast,100000,1,formal,official_sb3_dqn_highway_fast (100k),57,1.9796673634682842,1,0,26.14613793231777,3,2,2.385641559280246,0.8511024337161295,2.3714855314135357,5.685078548865311,2.7903215414670823,0,167.12528478572267,1000000.0,-26.14613793231777,0.8500788536623399,0.14992114633766007,1
official_sb3_dqn_highway_fast_steps100000_seed1,official_sb3_dqn_highway_fast,100000,1,formal,official_sb3_dqn_highway_fast (100k),58,27.643946942020275,0,1,27.641390205371945,30,5,0.4013695695282821,0.12474707968683847,11.615362318925186,68.14692130005766,15.113372058062742,4,127.41187283298513,533356.8124337584,-18.187702421257637,0.7818899439900133,0.21811005600998704,0
official_sb3_dqn_highway_fast_steps100000_seed1,official_sb3_dqn_highway_fast,100000,1,formal,official_sb3_dqn_highway_fast (100k),59,23.319286657145245,0,1,21.85860979462875,30,2,2.247660307822285,0.5124495953300923,2.594998501176475,40.947849897096155,3.0270764418722735,0,155.0531369231699,1000000.0,-21.85860979462875,0.8390237362892639,0.16097626371073648,0
official_sb3_dqn_highway_fast_steps100000_seed1,official_sb3_dqn_highway_fast,100000,1,formal,official_sb3_dqn_highway_fast (100k),60,23.967449681312832,0,1,23.16999513970211,30,5,0.44333491584231355,0.12879807776872657,9.825879625945614,57.29956760807748,14.531766096908465,2,129.49592527061355,766675.5428258787,-18.32268810614857,0.7831843659821693,0.21681563401783102,0
official_sb3_dqn_highway_fast_steps100000_seed1,official_sb3_dqn_highway_fast,100000,1,formal,official_sb3_dqn_highway_fast (100k),61,8.398179485172848,1,0,26.524138626352645,10,4,1.048479346386615,0.23980360851264382,3.4704815359821293,26.913640038767028,6.08554430791224,3,134.7543701107363,900001.8150935255,-25.005092086442936,0.7984491014082964,0.20155089859170366,1
official_sb3_dqn_highway_fast_steps100000_seed1,official_sb3_dqn_highway_fast,100000,1,formal,official_sb3_dqn_highway_fast (100k),62,29.275997635457596,0,1,29.974723538704584,30,8,0.11371090601608448,0.039401974637389536,45.709306152125045,111.38648383422986,22.974518506237075,6,122.25686288348601,566687.762033827,-20.84891194157724,0.7713195714787466,0.2286804285212534,0
official_sb3_dqn_highway_fast_steps100000_seed1,official_sb3_dqn_highway_fast,100000,1,formal,official_sb3_dqn_highway_fast (100k),63,28.77536352747804,0,1,29.64139020537125,30,9,0.46470084960451885,0.18605035211949814,12.92270504468148,82.71124203260813,12.654741772387817,6,118.5373631616113,466690.537208194,-19.166002359384507,0.7623491618771624,0.23765083812283802,0
official_sb3_dqn_highway_fast_steps100000_seed1,official_sb3_dqn_highway_fast,100000,1,formal,official_sb3_dqn_highway_fast (100k),64,26.450425246340536,0,1,26.0252764609937,30,5,0.2307814329389076,0.06963150342002264,19.555102234311903,91.47872622317875,18.52692918281202,3,132.37688859898668,766675.9771949643,-21.221488233813453,0.7908889231648576,0.2091110768351427,0
official_sb3_dqn_highway_fast_steps100000_seed1,official_sb3_dqn_highway_fast,100000,1,formal,official_sb3_dqn_highway_fast (100k),65,10.261164019580775,1,0,28.00208343977245,12,7,0.47750596259475536,0.13470843341035538,8.861925991196143,45.83687302690237,13.5267280900179,4,119.91744581935137,583353.7557371976,-20.00075056138065,0.7638392813847076,0.23616071861529242,1
official_sb3_dqn_highway_fast_steps100000_seed1,official_sb3_dqn_highway_fast,100000,1,formal,official_sb3_dqn_highway_fast (100k),66,23.18593920881314,0,1,23.35860979462875,30,5,0.7917033482631345,0.017525385254549358,3.390375394751293,76.23402330421939,8.304887321534824,2,102.06351336688884,166716.67108729188,-6.0189482468334115,0.6967075726789734,0.3032924273210264,0
official_sb3_dqn_highway_fast_steps100000_seed1,official_sb3_dqn_highway_fast,100000,1,formal,official_sb3_dqn_highway_fast (100k),67,26.84882869631688,0,1,27.52527644165058,30,10,0.16672715844716168,0.0755588195724393,40.77216001641882,100.86140195795609,20.207183049697615,7,104.62931793450632,266705.51916221535,-12.57731170646433,0.7306635183435158,0.26933648165648416,0
official_sb3_dqn_highway_fast_steps100000_seed1,official_sb3_dqn_highway_fast,100000,1,formal,official_sb3_dqn_highway_fast (100k),68,13.22925390285315,1,0,28.523331546240126,15,4,0.020581838936880353,0.005198466189265429,184.06718226320606,63.52832667318694,24.17412005647745,5,102.93582295130712,600009.6316229631,-19.775873136034487,0.7269419955874002,0.2730580044125998,1
official_sb3_dqn_highway_fast_steps100000_seed1,official_sb3_dqn_highway_fast,100000,1,formal,official_sb3_dqn_highway_fast (100k),69,25.017856382453633,0,1,24.19194312796208,30,5,0.7566181677591105,0.2848136715364472,7.462695033523278,57.70787183017193,8.775296843524314,4,146.086576117102,866671.6794904142,-21.511592732944745,0.8201743094782775,0.1798256905217228,0
official_sb3_dqn_highway_fast_steps100000_seed1,official_sb3_dqn_highway_fast,100000,1,formal,official_sb3_dqn_highway_fast (100k),70,29.477257153783416,0,1,29.641391189014005,30,5,0.9010529780627569,0.28447387100396404,5.392101964490655,65.03724224299283,7.263417464547621,5,147.43913183508914,766680.353072487,-24.713170805630924,0.8180788717702279,0.18192112822977238,0
official_sb3_dqn_highway_fast_steps100000_seed1,official_sb3_dqn_highway_fast,100000,1,formal,official_sb3_dqn_highway_fast (100k),71,27.217185617457186,0,1,27.025218869974353,30,6,0.31298135527203114,0.1053067347672947,16.125399106934992,79.58167857877568,16.969075740434675,7,139.4173883548394,800010.0231296207,-22.81311952639852,0.8057520698011911,0.19424793019880926,0
official_sb3_dqn_highway_fast_steps100000_seed1,official_sb3_dqn_highway_fast,100000,1,formal,official_sb3_dqn_highway_fast (100k),72,28.37868478856571,0,1,28.141390205376474,30,2,1.0618226111622495,0.24001392735319,3.1230804846280744,39.90600080781976,6.330102955518466,1,152.5697411685157,866674.6004839488,-25.19643787388766,0.8326566523005906,0.16734334769940964,0
official_sb3_dqn_highway_fast_steps100000_seed1,official_sb3_dqn_highway_fast,100000,1,formal,official_sb3_dqn_highway_fast (100k),73,26.930022651346235,0,1,26.832895003148522,30,6,0.5422553316533801,0.15095767130431872,8.442487708323336,81.70303406606985,11.836283962640294,5,135.98878562970677,800008.2844656137,-22.729871542704394,0.7996367349685478,0.20036326503145233,0
official_sb3_dqn_highway_fast_steps100000_seed1,official_sb3_dqn_highway_fast,100000,1,formal,official_sb3_dqn_highway_fast (100k),74,27.443561222583632,0,1,27.97472353874944,30,8,0.3074608954743085,0.09665878038666312,15.337435112557602,102.38286401629065,17.467163495082637,7,109.24540395815184,433352.42016166163,-16.265856342944424,0.7418674110230381,0.25813258897696195,0
official_sb3_dqn_highway_fast_steps100000_seed1,official_sb3_dqn_highway_fast,100000,1,formal,official_sb3_dqn_highway_fast (100k),75,29.576946256423653,0,1,29.974723538704584,30,6,0.6608494149830695,0.19701335663199138,6.766777704506262,71.69305721105243,9.776134666587806,6,138.61786248850194,700012.4376585976,-23.67481540402762,0.8069555430108613,0.1930444569891389,0
official_sb3_dqn_highway_fast_steps100000_seed1,official_sb3_dqn_highway_fast,100000,1,formal,official_sb3_dqn_highway_fast (100k),76,24.35137223131398,0,1,23.358229184918578,30,4,0.3568046449422914,0.13933482524677795,16.416031219886143,59.00896237985538,14.716897824933051,3,148.9064268307896,966666.9152354542,-22.742320207427007,0.8247584330918319,0.1752415669081683,0
official_sb3_dqn_highway_fast_steps100000_seed1,official_sb3_dqn_highway_fast,100000,1,formal,official_sb3_dqn_highway_fast (100k),77,28.993855865440725,0,1,29.496671412504305,30,7,0.5869675336741782,0.1931811046523745,8.410614686015254,76.84425939252156,11.093621011781265,6,126.47119127696642,533354.8727731137,-19.72973332108567,0.7789893252131104,0.22101067478688993,0
official_sb3_dqn_highway_fast_steps100000_seed1,official_sb3_dqn_highway_fast,100000,1,formal,official_sb3_dqn_highway_fast (100k),78,19.285942872158667,1,0,26.752650106709346,22,2,1.0968196875249074,0.27277359765146925,4.774153985703368,53.28534024595872,6.0253178459037535,4,144.78535965657613,863637.1817873225,-23.95985059693221,0.8154643064739304,0.1845356935260697,1
official_sb3_dqn_highway_fast_steps100000_seed1,official_sb3_dqn_highway_fast,100000,1,formal,official_sb3_dqn_highway_fast (100k),79,29.263797686541448,0,1,29.499942277200365,30,6,0.22571210286911433,0.07176602688178516,21.13004727041904,76.2894763141966,18.64162575158001,4,138.45587645883055,766676.5024954629,-24.854080481990593,0.8044305181395802,0.19556948186042017,0
official_sb3_dqn_highway_fast_steps100000_seed1,official_sb3_dqn_highway_fast,100000,1,formal,official_sb3_dqn_highway_fast (100k),80,25.552459920139245,0,1,25.0252764612954,30,1,0.46407954285842656,0.17484497475571967,12.177529405855932,78.14154085227298,12.905354349598513,6,124.60360694014149,733340.6382587146,-19.64434754232691,0.7727165142842042,0.22728348571579607,0
official_sb3_dqn_highway_fast_steps100000_seed1,official_sb3_dqn_highway_fast,100000,1,formal,official_sb3_dqn_highway_fast (100k),81,29.176002281821617,0,1,29.974723538704584,30,8,0.1814497236078244,0.054067452661085716,24.63284339050841,116.48545039333129,19.713147645810704,12,113.32629559960519,366690.83730991243,-17.13762161443445,0.7509954172504952,0.24900458274950502,0
official_sb3_dqn_highway_fast_steps100000_seed1,official_sb3_dqn_highway_fast,100000,1,formal,official_sb3_dqn_highway_fast (100k),82,23.620221169036338,0,1,22.025276461295416,30,0,3.0164280135942825,0.5828751530252602,2.2295957811215694,38.17817996163554,2.307687549489501,0,160.0,1000000.0,-22.025276461295416,0.8481288363433409,0.1518711636566593,0
official_sb3_dqn_highway_fast_steps100000_seed1,official_sb3_dqn_highway_fast,100000,1,formal,official_sb3_dqn_highway_fast (100k),83,25.450563426996304,0,1,25.691943127956176,30,13,0.7668752659201348,0.26047376156054985,6.641145436197824,71.97775423041507,8.578606821438274,5,101.28914214534441,333372.6374230786,-11.971287155208042,0.7248183437775677,0.27518165622243235,0
official_sb3_dqn_highway_fast_steps100000_seed1,official_sb3_dqn_highway_fast,100000,1,formal,official_sb3_dqn_highway_fast (100k),84,5.897337235458764,1,0,27.289285771487847,7,1,1.293749543130689,0.22805382899251536,3.6373392651689884,20.201809719359733,4.7912904002809436,2,149.09676210182445,1000000.0,-27.289285771487847,0.8256614041091836,0.1743385958908163,1
official_sb3_dqn_highway_fast_steps100000_seed1,official_sb3_dqn_highway_fast,100000,1,formal,official_sb3_dqn_highway_fast (100k),85,12.82972623239429,1,0,28.417855228114338,14,2,0.6277776185351298,0.2130264966865427,8.107989510765574,47.96972743649703,10.382982078717221,5,143.36509628320832,857151.0685325112,-25.416197076355996,0.8136977131048272,0.18630228689517267,1
official_sb3_dqn_highway_fast_steps100000_seed1,official_sb3_dqn_highway_fast,100000,1,formal,official_sb3_dqn_highway_fast (100k),86,29.242508046523866,0,1,29.641390334904447,30,8,0.9474369711416597,0.3414221327306749,5.705349768892957,75.50058801723316,6.980710369374422,8,131.5691755987012,600013.0706523395,-21.35472423845861,0.7913932495599885,0.20860675044001162,0
official_sb3_dqn_highway_fast_steps100000_seed1,official_sb3_dqn_highway_fast,100000,1,formal,official_sb3_dqn_highway_fast (100k),87,27.264749314716024,0,1,26.832895003410577,30,3,0.845195884416809,0.20957305885289262,4.400351096252809,47.174308221359404,7.764889709807079,2,157.1052377690036,833342.0930596682,-23.176441067812185,0.8370275249264245,0.16297247507357554,0
official_sb3_dqn_highway_fast_steps100000_seed1,official_sb3_dqn_highway_fast,100000,1,formal,official_sb3_dqn_highway_fast (100k),88,25.464656684238896,0,1,25.500438332509706,30,5,0.5662984798002727,0.19579521383645374,9.158040040419268,78.85862237254501,11.556310254096617,6,99.02469249934026,233366.30491337334,-9.385666194882731,0.6894584408319203,0.31054155916807963,0
official_sb3_dqn_highway_fast_steps100000_seed1,official_sb3_dqn_highway_fast,100000,1,formal,official_sb3_dqn_highway_fast (100k),89,29.376328114046654,0,1,29.64139767490843,30,7,0.0350411928340714,0.011121826520187977,135.86563177915727,99.91229007933597,24.150202054974315,5,137.4011425324133,766675.671145567,-24.720330455449393,0.8015580067662857,0.1984419932337144,0
official_sb3_dqn_highway_fast_steps100000_seed1,official_sb3_dqn_highway_fast,100000,1,formal,official_sb3_dqn_highway_fast (100k),90,26.684527101786344,0,1,26.858609794288082,30,7,0.5398812635129827,0.18423936920509593,9.481501894123104,86.08759504348183,12.058048752508382,9,111.5468348816596,366683.190341506,-13.908732486280467,0.7192113236436689,0.28078867635633115,0
official_sb3_dqn_highway_fast_steps100000_seed1,official_sb3_dqn_highway_fast,100000,1,formal,official_sb3_dqn_highway_fast (100k),91,26.54882856062155,0,1,27.025276458969827,30,14,0.0844750874578406,0.029375824207650572,61.74815979702509,95.28599845873745,24.171367098935495,5,103.35180835454926,300031.71549881547,-12.821179482359652,0.73072515935313,0.26927484064686996,0
official_sb3_dqn_highway_fast_steps100000_seed1,official_sb3_dqn_highway_fast,100000,1,formal,official_sb3_dqn_highway_fast (100k),92,29.008688057174137,0,1,29.64139020537134,30,9,0.13924577562333598,0.038166613143660426,29.52642215178681,104.72139607674232,21.371992958859995,11,111.30295005381726,433356.51262135216,-17.833682135538556,0.7460748487600274,0.2539251512399726,0
official_sb3_dqn_highway_fast_steps100000_seed1,official_sb3_dqn_highway_fast,100000,1,formal,official_sb3_dqn_highway_fast (100k),93,29.041420661880956,0,1,29.47473100824176,30,9,0.3324085932229899,0.1126785325968959,15.296355093781727,96.96876315288563,16.312472161632435,8,125.18699794816997,666677.4931284213,-22.470579688912828,0.7771734576218414,0.22282654237815896,0
official_sb3_dqn_highway_fast_steps100000_seed1,official_sb3_dqn_highway_fast,100000,1,formal,official_sb3_dqn_highway_fast (100k),94,28.842964680664547,0,1,29.641390334904447,30,7,0.14439608835639228,0.07170378275889455,51.58229984846771,126.06925666202392,21.100679660997343,10,112.05723534859652,500021.2583680418,-19.360417248500088,0.7482451471672774,0.2517548528327226,0
official_sb3_dqn_highway_fast_steps100000_seed1,official_sb3_dqn_highway_fast,100000,1,formal,official_sb3_dqn_highway_fast (100k),95,25.62022116903633,0,1,24.525276461295412,30,0,2.663027767737646,0.6847317576645224,1.7135983223121114,31.953865873699176,2.493319986076507,0,160.0,1000000.0,-24.525276461295412,0.8481288363433409,0.15187116365665934,0
official_sb3_dqn_highway_fast_steps100000_seed1,official_sb3_dqn_highway_fast,100000,1,formal,official_sb3_dqn_highway_fast (100k),96,25.327903077815964,0,1,25.496672545325108,30,5,0.9075750410828618,0.2876766157504691,5.933663273533268,54.60426318353871,7.282767032296746,4,92.62618777939358,300015.17782839085,-11.735882959629793,0.7031935081441932,0.2968064918558069,0
official_sb3_dqn_highway_fast_steps100000_seed1,official_sb3_dqn_highway_fast,100000,1,formal,official_sb3_dqn_highway_fast (100k),97,27.416916108087744,0,1,27.52527644165058,30,7,0.35181639156919986,0.12596187754812718,15.265050475757732,76.18839935925068,15.3909381440115,5,127.3087744076906,600018.5071734976,-19.316762138503538,0.7810454714287363,0.21895452857126413,0
official_sb3_dqn_highway_fast_steps100000_seed1,official_sb3_dqn_highway_fast,100000,1,formal,official_sb3_dqn_highway_fast (100k),98,27.676931899937713,1,0,29.973851936590947,29,6,0.10992836387491814,0.03469419429912932,43.06540512490317,125.72637451344411,23.29474148420502,10,124.25058166452493,551744.6937045709,-20.723123219119806,0.7723093999910048,0.22769060000899527,1
official_sb3_dqn_highway_fast_steps100000_seed1,official_sb3_dqn_highway_fast,100000,1,formal,official_sb3_dqn_highway_fast (100k),99,27.875478172672565,0,1,28.141390205371934,30,9,0.2844517453808521,0.10537201810587318,19.53436513816956,87.2729876697337,17.281667001336174,6,121.93113368895239,566685.334702303,-19.158346817466086,0.7703366337132171,0.22966336628678313,0
official_sb3_dqn_highway_fast_steps100000_seed1,official_sb3_dqn_highway_fast,100000,1,formal,official_sb3_dqn_highway_fast (100k),100,9.57787740308167,1,0,28.600155105503845,11,5,0.7776286861981414,0.2508338575393489,6.978974190374327,40.503524557924415,8.43358448136021,5,104.07424816923735,545461.9797389945,-20.736241878245732,0.7290550380739155,0.2709449619260845,1
official_sb3_dqn_highway_fast_steps100000_seed1,official_sb3_dqn_highway_fast,100000,1,formal,official_sb3_dqn_highway_fast (100k),101,27.916835183994507,0,1,28.691877803806122,30,7,0.3142117658628662,0.09162491569032905,15.215491276300487,110.14757732667918,17.40490067158299,11,109.08945872568574,400017.99466953,-16.46353337277419,0.7406839734061733,0.2593160265938271,0
official_sb3_dqn_highway_fast_steps100000_seed1,official_sb3_dqn_highway_fast,100000,1,formal,official_sb3_dqn_highway_fast (100k),102,24.25309226330719,0,1,22.85860979462875,30,1,3.1350680802758033,0.8098971950084528,1.7705689356210685,34.68793923171631,2.165563070506656,0,166.94613451352987,1000000.0,-22.85860979462875,0.8547110665371034,0.14528893346289679,0
official_sb3_dqn_highway_fast_steps100000_seed1,official_sb3_dqn_highway_fast,100000,1,formal,official_sb3_dqn_highway_fast (100k),103,23.519281367850443,0,1,22.025269860940742,30,2,1.5267491122693184,0.5057855909876439,3.1833497836422606,48.021278559815244,4.2338798003340985,1,154.6176668557312,1000000.0,-22.025269860940742,0.8378252630795218,0.1621747369204785,0
official_sb3_dqn_highway_fast_steps100000_seed1,official_sb3_dqn_highway_fast,100000,1,formal,official_sb3_dqn_highway_fast (100k),104,29.310718742018178,0,1,29.30805687203859,30,3,1.7792536939820427,0.35478845993871433,2.4170317805032684,37.34273578353813,3.6752163473077726,1,157.56931697259995,900000.8950910608,-27.185243902252875,0.8412929221875437,0.15870707781245655,0
official_sb3_dqn_highway_fast_steps100000_seed1,official_sb3_dqn_highway_fast,100000,1,formal,official_sb3_dqn_highway_fast (100k),105,29.142167876407477,0,1,29.974723538704584,30,9,0.24584516852426205,0.08094003226707658,20.08774916788815,96.40118746904193,18.299833855251766,7,106.93402314305335,366684.01531249227,-17.19294370863882,0.7381268390207837,0.2618731609792164,0
official_sb3_dqn_highway_fast_steps100000_seed1,official_sb3_dqn_highway_fast,100000,1,formal,official_sb3_dqn_highway_fast (100k),106,18.010440841650112,1,0,28.326485287573774,20,5,0.4913470275763333,0.17154679971556658,10.658526381565412,64.79319647438147,12.884777888199462,6,104.87041767543401,450020.5049997851,-17.15268622954196,0.7317522999206683,0.26824770007933185,1
official_sb3_dqn_highway_fast_steps100000_seed1,official_sb3_dqn_highway_fast,100000,1,formal,official_sb3_dqn_highway_fast (100k),107,28.07644843994629,0,1,28.975218461193133,30,7,0.009632863715778124,0.0031855707503164947,514.9530471864568,142.08919552062432,24.181698667079647,10,98.3552229990467,366692.07741690805,-16.185191906876586,0.7183766317080724,0.2816233682919275,0
official_sb3_dqn_highway_fast_steps100000_seed1,official_sb3_dqn_highway_fast,100000,1,formal,official_sb3_dqn_highway_fast (100k),108,29.211695824155896,0,1,29.974723538704584,30,3,0.2508115459358707,0.10196701856843986,24.312754343684702,119.74825916176195,18.003096670736884,9,99.77466964686934,466685.49608350376,-18.9368569635127,0.7219817067242346,0.27801829327576566,0
official_sb3_dqn_highway_fast_steps100000_seed1,official_sb3_dqn_highway_fast,100000,1,formal,official_sb3_dqn_highway_fast (100k),109,28.77583977857308,0,1,29.641390205410197,30,8,0.21162680528345912,0.08410660141579662,28.169530853960058,103.70763106957266,18.900103776933356,8,109.66872289942442,400021.01036309084,-16.9879142820064,0.7431905501689905,0.2568094498310095,0
official_sb3_dqn_highway_fast_steps100000_seed1,official_sb3_dqn_highway_fast,100000,1,formal,official_sb3_dqn_highway_fast (100k),110,28.0434549966864,0,1,27.97472353870526,30,6,0.04438051817195627,0.012090399777955129,90.08510336540938,89.76845223244605,24.192959589201966,5,139.22052134594804,800008.8041508109,-23.878040609257074,0.8046678672887148,0.19533213271128538,0
official_sb3_dqn_highway_fast_steps100000_seed1,official_sb3_dqn_highway_fast,100000,1,formal,official_sb3_dqn_highway_fast (100k),111,28.275552728372876,0,1,28.64139020537125,30,7,0.25045986695011935,0.07242987564169986,21.264837002571856,99.25015166090967,18.171023756317652,6,126.99730598014204,666681.2529270609,-21.772161431606996,0.7795087715468227,0.2204912284531775,0
official_sb3_dqn_highway_fast_steps100000_seed1,official_sb3_dqn_highway_fast,100000,1,formal,official_sb3_dqn_highway_fast (100k),112,29.243436719253037,0,1,29.641390222429116,30,6,0.26210130163423756,0.09725510936481216,23.245608332821746,99.53516907921984,17.478324310139925,9,133.30581989130988,733343.0011308973,-24.152500053783594,0.7933524405705797,0.20664755942942065,0
official_sb3_dqn_highway_fast_steps100000_seed1,official_sb3_dqn_highway_fast,100000,1,formal,official_sb3_dqn_highway_fast (100k),113,25.685457028590765,0,1,26.191943127956176,30,3,0.33920779269499146,0.1408072413912069,18.35626125002826,125.9013879545594,14.80219313916229,10,88.52589875354242,266710.0781667188,-11.9907263807408,0.6942071571529861,0.3057928428470138,0
official_sb3_dqn_highway_fast_steps100000_seed1,official_sb3_dqn_highway_fast,100000,1,formal,official_sb3_dqn_highway_fast (100k),114,29.074418513423307,0,1,29.808056872037916,30,10,0.13373662691840452,0.04767758990918371,39.983706811369444,127.79276852762133,21.653598960489763,10,121.33464653816547,600013.9456121402,-21.667053484223498,0.7669222812908144,0.23307771870918578,0
official_sb3_dqn_highway_fast_steps100000_seed1,official_sb3_dqn_highway_fast,100000,1,formal,official_sb3_dqn_highway_fast (100k),115,27.650404081638825,0,1,27.691941995141292,30,5,0.2608425037155789,0.06871149837905989,14.821594680373284,92.10606270808687,18.003103845136135,5,134.83931412467112,700012.437161944,-21.383316948396892,0.7948002701321816,0.20519972986781887,0
official_sb3_dqn_highway_fast_steps100000_seed1,official_sb3_dqn_highway_fast,100000,1,formal,official_sb3_dqn_highway_fast (100k),116,24.74921303616349,0,1,24.525276314703667,30,10,0.3446951521027486,0.12558593078084912,15.854839400464238,87.75060965701267,15.4482104861088,4,107.0848238022952,466695.7157058876,-13.786943230794943,0.7350966690513915,0.2649033309486085,0
official_sb3_dqn_highway_fast_steps100000_seed1,official_sb3_dqn_highway_fast,100000,1,formal,official_sb3_dqn_highway_fast (100k),117,28.70916830919947,0,1,29.141390222986317,30,8,0.9136628980595958,0.3265237196026041,6.521605195667322,76.94558252300223,7.437216781382653,4,123.26174547696307,600013.3398852537,-20.790324174580455,0.7720727632433884,0.2279272367566118,0
official_sb3_dqn_highway_fast_steps100000_seed1,official_sb3_dqn_highway_fast,100000,1,formal,official_sb3_dqn_highway_fast (100k),118,29.207961512879752,0,1,29.974723538704584,30,11,0.6276906079580605,0.18301390430419082,8.432888017775005,74.60123159739015,10.35722212617525,5,108.65010677168256,466683.20255026384,-19.153989570340773,0.7402765677610931,0.25972343223890726,0
official_sb3_dqn_highway_fast_steps100000_seed1,official_sb3_dqn_highway_fast,100000,1,formal,official_sb3_dqn_highway_fast (100k),119,29.5760269689158,0,1,29.974723538704584,30,8,0.039640080967678605,0.01786040549071106,170.48718495645207,89.7070776224417,24.17737599962744,6,146.82507316720347,800004.4799002814,-25.801827372677355,0.8211022548004349,0.17889774519956544,0
official_sb3_dqn_highway_fast_steps100000_seed1,official_sb3_dqn_highway_fast,100000,1,formal,official_sb3_dqn_highway_fast (100k),120,15.029726236961805,1,0,28.697057246682473,17,3,0.37423436223071405,0.13610189949729307,14.576998919871915,63.449857096779894,14.724695569915875,7,89.0465835777781,411782.6768059058,-16.325574372765324,0.6820723422139794,0.3179276577860205,1
official_sb3_dqn_highway_fast_steps100000_seed1,official_sb3_dqn_highway_fast,100000,1,formal,official_sb3_dqn_highway_fast (100k),121,28.742513947405342,0,1,29.308057003817417,30,8,0.1270195204857329,0.034638458228048855,32.202316411734365,100.50160189723037,22.036732805268215,7,115.76207315116196,500023.24784897885,-18.78392072359024,0.7569262966286854,0.24307370337131487,0
official_sb3_dqn_highway_fast_steps100000_seed1,official_sb3_dqn_highway_fast,100000,1,formal,official_sb3_dqn_highway_fast (100k),122,23.952611439068253,0,1,22.69194312792305,30,2,2.835125724288821,0.6588306273009146,1.4360403288669248,35.56125187333699,2.398473072596818,0,155.87263860413438,1000000.0,-22.69194312792305,0.8407661223297576,0.15923387767024277,0
official_sb3_dqn_highway_fast_steps100000_seed1,official_sb3_dqn_highway_fast,100000,1,formal,official_sb3_dqn_highway_fast (100k),123,3.0131583425367054,1,0,26.150209887376402,4,1,0.5486922281168185,0.3046593523491688,15.173397244872499,18.8341024244026,10.53933452704958,2,136.26676374198632,750001.3737783531,-24.407137885986273,0.7964097616268273,0.20359023837317272,1
official_sb3_dqn_highway_fast_steps100000_seed1,official_sb3_dqn_highway_fast,100000,1,formal,official_sb3_dqn_highway_fast (100k),124,25.86615931864828,0,1,25.503328473035346,30,11,0.10107596244633693,0.03191988906957632,46.732783842489624,87.59698468306175,24.095998356841722,7,121.15898138213197,666679.7012698881,-18.720633746713467,0.7677991235212243,0.232200876478776,0
official_sb3_dqn_highway_fast_steps100000_seed1,official_sb3_dqn_highway_fast,100000,1,formal,official_sb3_dqn_highway_fast (100k),125,27.54652536988349,0,1,27.858113741600125,30,11,0.09467844240094381,0.026766588155801532,49.18917703528712,113.5782264151902,24.13257184604142,8,127.7181657647972,500025.6369384041,-17.904466108696575,0.7759618262346891,0.22403817376531096,0
official_sb3_dqn_highway_fast_steps100000_seed1,official_sb3_dqn_highway_fast,100000,1,formal,official_sb3_dqn_highway_fast (100k),126,7.445693726660185,1,0,26.835484629650928,9,3,0.3067331143852111,0.14311801032008378,19.080343244028143,55.427799159142545,15.027138871652143,6,109.63519018091569,666670.1103684417,-20.79637636078654,0.7408142265866563,0.25918577341334365,1
official_sb3_dqn_highway_fast_steps100000_seed1,official_sb3_dqn_highway_fast,100000,1,formal,official_sb3_dqn_highway_fast (100k),127,29.3443951806592,0,1,29.64139020537125,30,4,0.025492606570599593,0.007443276297999806,171.80148430676914,94.14079075731524,24.20991844576608,3,129.12974883853053,633349.6605474042,-21.90315657608705,0.7823073568881868,0.21769264311181327,0
official_sb3_dqn_highway_fast_steps100000_seed1,official_sb3_dqn_highway_fast,100000,1,formal,official_sb3_dqn_highway_fast (100k),128,10.019758914258523,1,0,22.769099548752838,13,2,2.2513531236542303,0.2654811836994295,2.7502158165257224,29.533270242359002,3.284360333574899,0,155.03882475967004,1000000.0,-22.769099548752838,0.8390874280341579,0.160912571965842,1
official_sb3_dqn_highway_fast_steps100000_seed1,official_sb3_dqn_highway_fast,100000,1,formal,official_sb3_dqn_highway_fast (100k),129,27.61500660191467,0,1,28.525267858937433,30,11,0.4385684522486886,0.12472280538566825,12.062395602235663,113.4171562577039,13.652546356916776,10,112.21078922623748,266712.27987645956,-13.664454256638713,0.7488319248341154,0.2511680751658846,0
official_sb3_dqn_highway_fast_steps100000_seed1,official_sb3_dqn_highway_fast,100000,1,formal,official_sb3_dqn_highway_fast (100k),130,28.375849776461926,0,1,29.641390334904447,30,8,0.13223645845532614,0.03858525064110307,33.08604359143246,123.6095251229382,21.735030602189195,9,84.91726778678733,266691.9303495766,-14.546245918237547,0.6900269913549341,0.3099730086450659,0
official_sb3_dqn_highway_fast_steps100000_seed1,official_sb3_dqn_highway_fast,100000,1,formal,official_sb3_dqn_highway_fast (100k),131,29.62876772444214,0,1,29.83000474583764,30,4,0.21278746496760312,0.06901598873409967,22.863825237966253,62.746402981847794,18.875888879272516,4,146.192355842759,833338.5159174866,-26.404523329021117,0.8189421356179563,0.181057864382044,0
official_sb3_dqn_highway_fast_steps100000_seed1,official_sb3_dqn_highway_fast,100000,1,formal,official_sb3_dqn_highway_fast (100k),132,26.018074041817243,0,1,25.358609794623437,30,3,2.407288673935399,0.6121039245547509,3.3166974414586754,38.02430141471971,3.2859665076802704,0,148.58232956396915,833338.4762076269,-21.758181690356373,0.8258876725372992,0.17411232746270103,0
official_sb3_dqn_highway_fast_steps100000_seed1,official_sb3_dqn_highway_fast,100000,1,formal,official_sb3_dqn_highway_fast (100k),133,23.785953315246644,0,1,22.35860979462875,30,2,2.2818690773563186,0.5783783265943108,3.529313896192956,49.37632648391782,3.6766577740677553,0,157.90132266584794,1000000.0,-22.35860979462875,0.8444597072508508,0.15554029274914943,0
official_sb3_dqn_highway_fast_steps100000_seed1,official_sb3_dqn_highway_fast,100000,1,formal,official_sb3_dqn_highway_fast (100k),134,26.18359358285343,0,1,25.858609794627974,30,7,0.8077139937497342,0.25733300618565913,5.916590859451787,56.10040072288488,8.110375089367933,3,136.59185512463335,766673.0499022638,-20.955185622392342,0.7989683431015556,0.20103165689844485,0
official_sb3_dqn_highway_fast_steps100000_seed1,official_sb3_dqn_highway_fast,100000,1,formal,official_sb3_dqn_highway_fast (100k),135,29.276473895731936,0,1,29.974723538704584,30,7,0.2926201994716372,0.09106363878709102,15.952459664269803,114.18568460810627,17.616204129131447,10,111.11672918385244,400026.6872455698,-17.36036423460813,0.7453895062421501,0.2546104937578499,0
official_sb3_dqn_highway_fast_steps100000_seed1,official_sb3_dqn_highway_fast,100000,1,formal,official_sb3_dqn_highway_fast (100k),136,2.8455725130846883,1,0,26.150209887376402,4,3,0.7285650025890305,0.35485659529728114,10.024026383195464,16.701203617251267,9.752032195264459,2,143.02840820459076,750000.3680170958,-24.088223043813365,0.8004665762231792,0.19953342377682085,1
official_sb3_dqn_highway_fast_steps100000_seed1,official_sb3_dqn_highway_fast,100000,1,formal,official_sb3_dqn_highway_fast (100k),137,27.316927127732505,0,1,27.19194311056354,30,7,0.5369127266028907,0.2313973421479992,12.039832936735019,90.37814150369617,11.488926967019879,7,138.34562416245086,766673.0606047498,-22.522426363642296,0.8002976806153932,0.19970231938460722,0
official_sb3_dqn_highway_fast_steps100000_seed1,official_sb3_dqn_highway_fast,100000,1,formal,official_sb3_dqn_highway_fast (100k),138,26.812120582348587,0,1,26.477994421060558,30,7,0.08608911888078495,0.0305803483987282,61.86922774954598,77.87009238308661,24.18063089312383,4,138.39467285465284,833338.5121439437,-22.85128864033304,0.8044076355464517,0.1955923644535486,0
official_sb3_dqn_highway_fast_steps100000_seed1,official_sb3_dqn_highway_fast,100000,1,formal,official_sb3_dqn_highway_fast (100k),139,27.866953699307853,0,1,28.003327584208087,30,5,0.3796212929802175,0.10868648198378816,11.312684168367873,84.07665490913357,16.152285614474774,5,130.11757931618004,666678.2840507607,-20.84546838907588,0.7867855198999666,0.21321448010003388,0
official_sb3_dqn_highway_fast_steps100000_seed1,official_sb3_dqn_highway_fast,100000,1,formal,official_sb3_dqn_highway_fast (100k),140,27.651048681562546,0,1,27.52527631211738,30,5,0.06921681225752557,0.02061512886056028,63.151707729319185,83.67613711258933,24.164613097123926,4,144.65973772341613,833341.5688763442,-24.01111197303126,0.8174491170118365,0.18255088298816377,0
official_sb3_dqn_highway_fast_steps100000_seed1,official_sb3_dqn_highway_fast,100000,1,formal,official_sb3_dqn_highway_fast (100k),141,26.248086546244668,0,1,25.854901598420092,30,5,0.5208472029536895,0.1607702473546229,8.889478009668505,67.01895669282294,12.401537987591526,2,130.77926236367196,700013.4767985861,-19.61939732851364,0.787437276484674,0.21256272351532618,0
official_sb3_dqn_highway_fast_steps100000_seed1,official_sb3_dqn_highway_fast,100000,1,formal,official_sb3_dqn_highway_fast (100k),142,19.711695785321808,1,0,29.266747912435118,21,4,0.2922264368692622,0.10176529891043899,17.87524143836274,78.82663865245708,17.461102581164177,7,117.60738326018667,571444.1250730495,-20.593716804653475,0.7569575460983538,0.24304245390164628,1
official_sb3_dqn_highway_fast_steps100000_seed1,official_sb3_dqn_highway_fast,100000,1,formal,official_sb3_dqn_highway_fast (100k),143,25.851675945390664,0,1,25.19194312796207,30,4,0.49959192736936936,0.30657388065370045,18.417482153281856,79.48544835614827,10.773712192847245,5,148.76392854896827,833344.6296023842,-21.81756737956071,0.8245925038252496,0.17540749617475077,0
official_sb3_dqn_highway_fast_steps100000_seed1,official_sb3_dqn_highway_fast,100000,1,formal,official_sb3_dqn_highway_fast (100k),144,25.544145557074668,0,1,25.641391322857714,30,5,0.24054517471238748,0.0630753083401645,17.980765509344472,99.34532077832205,18.362508639511976,7,99.60219315430481,366700.69039950654,-12.42567921304292,0.712781394126288,0.2872186058737123,0
official_sb3_dqn_highway_fast_steps100000_seed1,official_sb3_dqn_highway_fast,100000,1,formal,official_sb3_dqn_highway_fast (100k),145,24.484996709319503,0,1,23.525276461295412,30,4,0.14796802239978057,0.05610985830665519,38.43907463194135,67.46425546704575,20.930355519235636,2,145.70970856892515,866670.2962515261,-20.784530999064977,0.8192020472300856,0.18079795276991473,0
official_sb3_dqn_highway_fast_steps100000_seed1,official_sb3_dqn_highway_fast,100000,1,formal,official_sb3_dqn_highway_fast (100k),146,25.885471313860307,0,1,26.191943127956176,30,3,0.9359492315933394,0.15719964865456268,5.730916609192185,66.24251571627426,7.062571239231827,5,103.39800678368299,333375.6508822704,-12.84530773304876,0.7321627579452331,0.26783724205476717,0
official_sb3_dqn_highway_fast_steps100000_seed1,official_sb3_dqn_highway_fast,100000,1,formal,official_sb3_dqn_highway_fast (100k),147,27.39638482917898,0,1,27.836653318510596,30,12,0.18541287557781833,0.06008313370790114,26.215683752111328,119.20186708720227,19.56535306968997,9,117.28554024103751,600014.9674264706,-19.68125190173429,0.7561874455476051,0.24381255445239508,0
official_sb3_dqn_highway_fast_steps100000_seed1,official_sb3_dqn_highway_fast,100000,1,formal,official_sb3_dqn_highway_fast (100k),148,25.051364932582445,0,1,24.025276461295412,30,3,0.5203838608833418,0.11478698329606009,5.316902256934214,51.37736059958466,12.263076744328863,3,154.80291601828287,966667.0601861298,-23.36668175566611,0.8368102101770984,0.16318978982290183,0
official_sb3_dqn_highway_fast_steps100000_seed1,official_sb3_dqn_highway_fast,100000,1,formal,official_sb3_dqn_highway_fast (100k),149,25.318790360406595,0,1,24.858609794628745,30,3,0.7053982099059054,0.2577233945392746,8.216314853661254,57.26916773428443,9.450226407422036,4,132.94422141338114,766674.3868028304,-19.85941182226265,0.7933678844055263,0.20663211559447406,0
official_sb3_dqn_highway_fast_steps100000_seed1,official_sb3_dqn_highway_fast,100000,1,formal,official_sb3_dqn_highway_fast (100k),150,26.81530450112728,0,1,26.521509560934852,30,6,0.7811758220095476,0.2117703137141288,8.124324364478117,73.95401181559284,8.759920447007904,3,137.54532731771445,733342.9477468807,-21.051611419691596,0.8003020127486269,0.19969798725137344,0
official_sb3_dqn_highway_fast_steps100000_seed1,official_sb3_dqn_highway_fast,100000,1,formal,official_sb3_dqn_highway_fast (100k),151,25.71787478591212,0,1,25.525276461295316,30,5,0.3400768417995007,0.11003368036139032,19.17461845751602,125.98391691594371,16.08840941686129,6,102.71058837914687,400036.05224419816,-12.933224957534398,0.7231206417476863,0.2768793582523138,0
official_sb3_dqn_highway_fast_steps100000_seed1,official_sb3_dqn_highway_fast,100000,1,formal,official_sb3_dqn_highway_fast (100k),152,1.1530003895070196,1,0,26.618757303256615,2,0,0.19185670341997887,0.09404410038135716,30.526142036911192,25.126495621333408,19.299408986975536,2,160.0,1000000.0,-26.618757303256615,0.8481288363433406,0.15187116365665937,1
official_sb3_dqn_highway_fast_steps100000_seed1,official_sb3_dqn_highway_fast,100000,1,formal,official_sb3_dqn_highway_fast (100k),153,28.411082414986993,0,1,28.478102230284673,30,8,0.7471505853799552,0.2446817987239345,6.574704888899858,66.42445086784119,8.721461090164706,3,134.43435812187445,766678.3575132809,-23.603416292619876,0.7956198841751466,0.20438011582485346,0
official_sb3_dqn_highway_fast_steps100000_seed1,official_sb3_dqn_highway_fast,100000,1,formal,official_sb3_dqn_highway_fast (100k),154,23.767870237632398,0,1,22.83661179938572,30,4,1.6474067127904146,0.3022798460458922,2.719935532104695,50.342990609885575,4.027839978274846,2,122.66960907899607,700015.4317313507,-17.00651503660531,0.7688012985074864,0.23119870149251412,0
official_sb3_dqn_highway_fast_steps100000_seed1,official_sb3_dqn_highway_fast,100000,1,formal,official_sb3_dqn_highway_fast (100k),155,26.14415107685861,0,1,25.47472355834412,30,4,0.08981545104242603,0.029052653554936726,53.845874674620724,74.50838411066368,24.18069361537419,4,148.12954117612608,866672.6394697473,-22.768416506630892,0.823979811238495,0.17602018876150538,0
official_sb3_dqn_highway_fast_steps100000_seed1,official_sb3_dqn_highway_fast,100000,1,formal,official_sb3_dqn_highway_fast (100k),156,29.442193783442104,0,1,29.974723538704584,30,9,0.5741480501341413,0.1710059133719042,7.781343594397131,77.16117471934804,11.263934078710747,5,123.04258756681914,633342.524115903,-22.487376417325148,0.7715394130104928,0.22846058698950744,0
official_sb3_dqn_highway_fast_steps100000_seed1,official_sb3_dqn_highway_fast,100000,1,formal,official_sb3_dqn_highway_fast (100k),157,29.27551563028744,0,1,29.974723538704584,30,9,0.5211129172727238,0.15502215348512816,8.56290935523751,85.36921125227713,12.426026176885967,7,116.50081779442537,533347.0480785308,-20.424162871173053,0.7577012106031747,0.2422987893968254,0
official_sb3_dqn_highway_fast_steps100000_seed1,official_sb3_dqn_highway_fast,100000,1,formal,official_sb3_dqn_highway_fast (100k),158,29.52831976906075,0,1,29.83000474583764,30,5,0.31559678963867227,0.08729907998157009,13.147275764247654,86.22979233312579,17.289520909818933,5,143.82765151264636,733342.2875486952,-24.089272910904693,0.8166740668350911,0.18332593316490906,0
official_sb3_dqn_highway_fast_steps100000_seed1,official_sb3_dqn_highway_fast,100000,1,formal,official_sb3_dqn_highway_fast (100k),159,29.242504153854885,0,1,29.808056872037916,30,7,0.22858338308851595,0.06813674354405445,19.560651716192293,108.53811021226998,18.53670161833699,8,125.59993331389495,633344.9847675242,-22.11408048122146,0.7761134117618442,0.22388658823815585,0
official_sb3_dqn_highway_fast_steps100000_seed1,official_sb3_dqn_highway_fast,100000,1,formal,official_sb3_dqn_highway_fast (100k),160,27.683535533967163,0,1,27.8586086618469,30,8,0.35150339911909534,0.09538381245906088,11.579955164834768,73.47301096431049,17.03881168046255,4,127.28931957817602,600019.9766844733,-19.392191484202034,0.7778581645246899,0.22214183547531013,0
official_sb3_dqn_highway_fast_steps100000_seed1,official_sb3_dqn_highway_fast,100000,1,formal,official_sb3_dqn_highway_fast (100k),161,25.777886591885576,0,1,25.808056872043828,30,5,0.3960724691012077,0.004905970119085348,11.676316116500514,120.36637012597244,15.156607033881553,5,107.07639329728424,700008.6015069421,-20.02726902787068,0.7310486626948604,0.2689513373051399,0
official_sb3_dqn_highway_fast_steps100000_seed1,official_sb3_dqn_highway_fast,100000,1,formal,official_sb3_dqn_highway_fast (100k),162,28.76108777105035,0,1,29.333325731977002,30,11,0.21156214681877009,0.07319966298165655,24.531355341935488,98.43009154686723,18.901969771756335,6,114.24373888205507,566688.2094657774,-20.332853204139436,0.7530920159074388,0.2469079840925611,0
official_sb3_dqn_highway_fast_steps100000_seed1,official_sb3_dqn_highway_fast,100000,1,formal,official_sb3_dqn_highway_fast (100k),163,29.276459717705254,0,1,29.974723538704584,30,7,0.35302522966545385,0.11290311665704864,13.588943759964293,96.34815103696124,16.092307595364247,8,117.11006483481694,533350.0400043197,-20.426018765507724,0.7588189911293881,0.24118100887061203,0
official_sb3_dqn_highway_fast_steps100000_seed1,official_sb3_dqn_highway_fast,100000,1,formal,official_sb3_dqn_highway_fast (100k),164,18.530241897025384,1,0,25.696289569702017,22,4,0.01912762085678025,0.0058899132397198664,235.4805095071106,77.59112697143483,24.19887534778568,6,126.89230919427746,681832.1001429805,-19.33257612334953,0.7625454081989872,0.23745459180101278,1
official_sb3_dqn_highway_fast_steps100000_seed1,official_sb3_dqn_highway_fast,100000,1,formal,official_sb3_dqn_highway_fast (100k),165,14.817130058302252,1,0,24.52622609568346,19,7,0.18178662588454034,0.020849903504595882,11.382574145841234,99.181109156785,19.7051387937154,5,85.31207827012379,263191.2037879136,-9.474706954861118,0.6550052356467181,0.34499476435328186,1
official_sb3_dqn_highway_fast_steps100000_seed1,official_sb3_dqn_highway_fast,100000,1,formal,official_sb3_dqn_highway_fast (100k),166,27.959806933372676,0,1,28.663338079170977,30,8,0.15844384154417163,0.04581012253754581,27.37171349269074,149.188342292799,20.482114585037376,12,103.92554826229835,400026.0176128842,-16.4620210718116,0.7306677605792167,0.26933223942078327,0
official_sb3_dqn_highway_fast_steps100000_seed1,official_sb3_dqn_highway_fast,100000,1,formal,official_sb3_dqn_highway_fast (100k),167,23.185953297376408,0,1,22.525276461295416,30,2,0.9166075434063099,0.3929096829627894,2.6311294917557446,56.67812800110838,3.7309920940283927,2,88.16338770399895,266702.5241406642,-8.498762331109665,0.6776277728936927,0.32237222710630753,0
official_sb3_dqn_highway_fast_steps100000_seed1,official_sb3_dqn_highway_fast,100000,1,formal,official_sb3_dqn_highway_fast (100k),168,28.40799997676797,0,1,29.30805687204314,30,10,0.08006132489386013,0.02668178361137252,61.06966021579735,116.045815083163,24.219043487644928,9,105.14019131552271,333360.4277353654,-15.718079997137151,0.7314902275632201,0.26850977243678004,0
official_sb3_dqn_highway_fast_steps100000_seed1,official_sb3_dqn_highway_fast,100000,1,formal,official_sb3_dqn_highway_fast (100k),169,29.10822685316068,0,1,29.641390205667058,30,10,0.04043921672573557,0.012087376319645198,110.87096619303477,104.20939282989443,24.182445917917537,7,138.7987417905289,666683.952639026,-22.746566014836468,0.8027090572021277,0.19729094279787254,0
official_sb3_dqn_highway_fast_steps100000_seed1,official_sb3_dqn_highway_fast,100000,1,formal,official_sb3_dqn_highway_fast (100k),170,25.750728359092516,0,1,25.358609794628066,30,6,0.43014089509429804,0.14010675484434337,11.358706139755933,67.36145504849227,14.249556752406072,4,124.02053758011716,566687.642803699,-16.48318346395176,0.7714542763858987,0.2285457236141017,0
official_sb3_dqn_highway_fast_steps100000_seed1,official_sb3_dqn_highway_fast,100000,1,formal,official_sb3_dqn_highway_fast (100k),171,24.6170058346436,0,1,24.525276461295345,30,6,0.22379988685413446,0.06922366008754116,20.72442730427464,82.06191941728316,18.64740857667169,5,96.51399665650068,266708.1881073436,-9.680323693713335,0.7128640455342922,0.28713595446570817,0
official_sb3_dqn_highway_fast_steps100000_seed1,official_sb3_dqn_highway_fast,100000,1,formal,official_sb3_dqn_highway_fast (100k),172,29.160650454069437,0,1,29.666228334156944,30,12,0.22698828724015116,0.07190834163382458,20.93455031250334,101.68311207473182,18.601673280783498,9,128.423996068524,566687.484738859,-20.32373988932488,0.7835173915223613,0.21648260847763884,0
official_sb3_dqn_highway_fast_steps100000_seed1,official_sb3_dqn_highway_fast,100000,1,formal,official_sb3_dqn_highway_fast (100k),173,26.184117818661196,0,1,25.858608661807942,30,8,0.2744693140722177,0.06946975948051722,13.827105125310917,80.46307555807769,17.82643733208369,4,132.26235479872614,700012.5939184033,-19.570746262248676,0.790042639677025,0.20995736032297518,0
official_sb3_dqn_highway_fast_steps100000_seed1,official_sb3_dqn_highway_fast,100000,1,formal,official_sb3_dqn_highway_fast (100k),174,26.351651768160004,0,1,25.858609794627974,30,4,0.4573522373511647,0.16278996792569145,11.673935264361177,78.41425260787467,13.313401964393245,6,138.90642559854317,766674.1486991514,-21.11349731922783,0.8026802862286632,0.19731971377133714,0
official_sb3_dqn_highway_fast_steps100000_seed1,official_sb3_dqn_highway_fast,100000,1,formal,official_sb3_dqn_highway_fast (100k),175,5.898784664866006,1,0,24.725001845969572,8,2,0.24404525385211784,0.15132481002969322,15.194491523974428,43.275861617837855,12.753903955296634,4,99.03784670107648,750000.4963249068,-19.748718073495212,0.6816064277631005,0.31839357223689946,1
official_sb3_dqn_highway_fast_steps100000_seed1,official_sb3_dqn_highway_fast,100000,1,formal,official_sb3_dqn_highway_fast (100k),176,27.51817508296848,0,1,27.19193554137768,30,4,0.5572883056228517,0.19348484892839088,9.344918020043904,67.22315140734138,11.706653937734385,4,143.20605639774377,833335.633242291,-23.72299611147936,0.8136950624524852,0.18630493754751512,0
official_sb3_dqn_highway_fast_steps100000_seed1,official_sb3_dqn_highway_fast,100000,1,formal,official_sb3_dqn_highway_fast (100k),177,24.849835094038138,0,1,23.8557129392881,30,3,0.20207422861724478,0.06958359362239852,25.56090369603566,51.11245561929514,19.127792816143604,1,147.7847878329282,966667.1753822757,-23.168442381009367,0.8239132149965326,0.1760867850034677,0
official_sb3_dqn_highway_fast_steps100000_seed1,official_sb3_dqn_highway_fast,100000,1,formal,official_sb3_dqn_highway_fast (100k),178,29.476457076676727,0,1,29.974723538704584,30,7,0.5507500048811786,0.23685673747727443,11.712408594520904,76.8736303339946,11.358488575792622,7,137.7281782935808,733346.9831119047,-24.56785788136776,0.801382981667106,0.1986170183328943,0
official_sb3_dqn_highway_fast_steps100000_seed1,official_sb3_dqn_highway_fast,100000,1,formal,official_sb3_dqn_highway_fast (100k),179,27.874858770378108,0,1,28.808057001571118,30,9,0.007096647004687346,0.002262845406756484,673.9350108713451,116.20673060083955,24.198882294485493,11,99.7661235588329,333362.7620916979,-15.499206712922408,0.7222393295911268,0.2777606704088731,0
official_sb3_dqn_highway_fast_steps100000_seed1,official_sb3_dqn_highway_fast,100000,1,formal,official_sb3_dqn_highway_fast (100k),180,25.66252188861409,0,1,24.83050080114699,30,4,1.6344347652339872,0.5386583264992013,3.1199613838563383,46.97624312453875,4.022027049097777,1,148.27423486107813,900002.6045177822,-22.67315898248373,0.8252379108994689,0.17476208910053154,0
official_sb3_dqn_highway_fast_steps100000_seed1,official_sb3_dqn_highway_fast,100000,1,formal,official_sb3_dqn_highway_fast (100k),181,10.153112164295667,1,0,29.385609651007954,11,0,0.29235067936431874,0.11230075641974965,15.76724125339242,35.315237503940516,16.646462801755582,2,160.73851329318714,1000000.0,-29.385609651007954,0.8492320260884586,0.1507679739115413,1
official_sb3_dqn_highway_fast_steps100000_seed1,official_sb3_dqn_highway_fast,100000,1,formal,official_sb3_dqn_highway_fast (100k),182,28.376297928775333,0,1,29.641390205410197,30,7,0.8492024153621569,0.23419602452387286,6.505153233235087,90.84649775941817,7.687999800070334,8,101.7652459520494,166697.9342431099,-12.074251802300932,0.7229755521883386,0.2770244478116613,0
official_sb3_dqn_highway_fast_steps100000_seed1,official_sb3_dqn_highway_fast,100000,1,formal,official_sb3_dqn_highway_fast (100k),183,29.109807380851578,0,1,29.974723538704584,30,7,0.7346121154461858,0.22506777939962985,6.798557350933778,88.56001309983843,8.852376223145512,10,125.30503657516198,500028.14683876897,-19.67073962793877,0.7741306435745998,0.22586935642540032,0
official_sb3_dqn_highway_fast_steps100000_seed1,official_sb3_dqn_highway_fast,100000,1,formal,official_sb3_dqn_highway_fast (100k),184,28.90891633439659,0,1,29.141446927174353,30,7,0.7146741592734194,0.22112023778570888,6.493827920276215,70.77419744871798,9.105144579261346,5,139.7536407998957,666681.5591144284,-22.204267083225353,0.8080035800433768,0.1919964199566233,0
official_sb3_dqn_highway_fast_steps100000_seed1,official_sb3_dqn_highway_fast,100000,1,formal,official_sb3_dqn_highway_fast (100k),185,25.41423540934957,0,1,25.31182379204332,30,5,0.06707105294738855,0.0248729064777976,82.93685202005628,79.75686276609106,24.23780680877447,5,123.01193966671586,633347.4973339819,-17.58995988262888,0.7703546535105432,0.2296453464894569,0
official_sb3_dqn_highway_fast_steps100000_seed1,official_sb3_dqn_highway_fast,100000,1,formal,official_sb3_dqn_highway_fast (100k),186,24.078828095955892,0,1,23.80805702121596,30,10,0.042985776481898066,0.014445362120417141,114.35281294835632,136.6656126016487,24.18127313781754,7,111.06507483218192,800008.2743443282,-19.666416841378584,0.7481031388951739,0.251896861104826,0
official_sb3_dqn_highway_fast_steps100000_seed1,official_sb3_dqn_highway_fast,100000,1,formal,official_sb3_dqn_highway_fast (100k),187,29.14265438199514,0,1,29.974723538704584,30,8,0.04888980905538874,0.01776989881394684,111.51660304579663,140.26233023458798,24.219035687058867,12,116.33368020835088,600013.9781354918,-21.559532925795313,0.7584813620797768,0.24151863792022352,0
official_sb3_dqn_highway_fast_steps100000_seed1,official_sb3_dqn_highway_fast,100000,1,formal,official_sb3_dqn_highway_fast (100k),188,28.37542375785679,0,1,28.641390207617555,30,8,0.4203874205890367,0.12752814226784978,10.556011005683548,89.09757947298957,14.821386109920244,7,129.64148208517048,733341.6625205358,-23.000216966687336,0.7857063621245988,0.21429363787540145,0
official_sb3_dqn_highway_fast_steps100000_seed1,official_sb3_dqn_highway_fast,100000,1,formal,official_sb3_dqn_highway_fast (100k),189,28.06102502491763,0,1,27.996671412504316,30,5,0.40261005563212005,0.09857041451196424,9.713655059597532,79.49907996977363,16.124862510216175,5,143.9085233722278,800007.9602811635,-23.56022637491462,0.8151673210846808,0.18483267891531927,0
official_sb3_dqn_highway_fast_steps100000_seed1,official_sb3_dqn_highway_fast,100000,1,formal,official_sb3_dqn_highway_fast (100k),190,27.146251591942907,0,1,27.311823772398494,30,8,0.17449188749628022,0.050457119956513,24.767229316984178,104.47137947121485,19.90254468459207,6,125.92908893048728,666680.6903957105,-20.51251051641378,0.7776461693678348,0.2223538306321655,0
official_sb3_dqn_highway_fast_steps100000_seed1,official_sb3_dqn_highway_fast,100000,1,formal,official_sb3_dqn_highway_fast (100k),191,28.00860748217926,0,1,28.308065454751148,30,8,0.21950844086327387,0.06939869523975509,22.381425233069006,117.17258902085489,18.752532312801822,9,128.0214976947804,533351.1505977225,-18.679253181739234,0.7824834642755764,0.21751653572442378,0
official_sb3_dqn_highway_fast_steps100000_seed1,official_sb3_dqn_highway_fast,100000,1,formal,official_sb3_dqn_highway_fast (100k),192,1.1182336398733663,1,0,26.618757303256615,2,1,0.18117228868502996,0.09475268204573405,34.49072240099316,24.814852566733627,19.606793504530632,2,176.3999219924821,1000000.0,-26.618757303256615,0.8701733363895879,0.12982666361041206,1
official_sb3_dqn_highway_fast_steps100000_seed1,official_sb3_dqn_highway_fast,100000,1,formal,official_sb3_dqn_highway_fast (100k),193,28.87520842366552,0,1,29.308056874284222,30,9,0.7921866868155226,0.25170059848433646,6.016135529949498,67.5624779532153,8.246554552619468,5,130.17798230064733,533351.957769753,-19.414552157180346,0.7872618986049119,0.21273810139508806,0
official_sb3_dqn_highway_fast_steps100000_seed1,official_sb3_dqn_highway_fast,100000,1,formal,official_sb3_dqn_highway_fast (100k),194,27.5442576387924,0,1,27.141390222473312,30,3,1.0947201890354599,0.1769841219665685,2.3216829779776202,46.52975346288138,6.740046233979504,3,153.90318988143406,900002.6890037137,-25.035549094252573,0.8333697227654039,0.16663027723459634,0
official_sb3_dqn_highway_fast_steps100000_seed1,official_sb3_dqn_highway_fast,100000,1,formal,official_sb3_dqn_highway_fast (100k),195,25.563620747910882,0,1,26.500373008353858,30,11,0.14352012277025797,0.04016770663138403,29.249474402830906,100.95593139248251,21.13171837020036,6,86.39786605379655,333361.04512207577,-13.35194404263534,0.6957466680906425,0.30425333190935766,0
official_sb3_dqn_highway_fast_steps100000_seed1,official_sb3_dqn_highway_fast,100000,1,formal,official_sb3_dqn_highway_fast (100k),196,25.951252528119085,0,1,25.858609794627974,30,4,0.15808457100467055,0.06231198406160371,37.401052089425825,91.51084443666772,20.505125969941883,4,120.18551867419316,600015.6607844663,-17.158681685691786,0.7643484857394424,0.23565151426055794,0
official_sb3_dqn_highway_fast_steps100000_seed1,official_sb3_dqn_highway_fast,100000,1,formal,official_sb3_dqn_highway_fast (100k),197,26.70845020647893,0,1,27.64139793652208,30,9,0.4845729919888942,0.10591872150384474,8.51146554759773,102.40417807804646,13.236866544412644,8,85.51205487569811,266692.2967301176,-13.106332599064404,0.6862514408922543,0.31374855910774563,0
official_sb3_dqn_highway_fast_steps100000_seed1,official_sb3_dqn_highway_fast,100000,1,formal,official_sb3_dqn_highway_fast (100k),198,24.951320825928512,0,1,25.19194312796207,30,15,0.2988835765563737,0.09474214199493743,15.908541138512897,74.11699235207871,17.54385674727253,3,104.13086335601699,366687.7798790193,-12.811739318485312,0.7180175050674912,0.281982494932509,0
official_sb3_dqn_highway_fast_steps100000_seed1,official_sb3_dqn_highway_fast,100000,1,formal,official_sb3_dqn_highway_fast (100k),199,25.346524470476773,0,1,25.145157125370762,30,7,0.4080504853222228,0.0396911523636301,9.861426672997482,89.65971747713068,12.671128592082274,4,121.04066443406181,666685.7581714917,-18.656009135713425,0.7664725562252145,0.2335274437747856,0
